Nombre Del Alumno,Grado,Grupo,Matricula,Correo Electronico Del Alumno ,Codigo QR
DIAZ VIGUERAS JOAQUIN,2,A,391430125-4,joaquindiazvigueras@alumno_fransisco_villa.com,Imagen
VILLANUEVA BONILLA EMILI MAYLEN,1,C,105394792-6,villanuevabonillaemilimaylen@alumno_francisco_villa.com,Imagen
UZIEL EMILIANO AGUILAR JUAREZ,3,A,171547410-7,uzielemilianoaguilarjuarez@alumno_fransisco_villa.com,Imagen
SOSA MEJIA JHOSVAN,2,A,872409442-5,jhosvansosamejia@alumno_fransisco_villa.com,Imagen
MENESES SANTILLAN LUIS JHOAN ,1,A,786985692-5,menesessantillanluisjhoan@alumno_francisco_villa.com,Imagen
VIGUERAS MARQUEZ BRAYAN,1,A,621288323-8,viguerasmarquezbrayan@alumno_francisco_villa.com,Imagen
VILLANUEVA GONZALEZ YAROSLA,2,B,121630490-3,yaroslavillanuevagonzalez@alumno_fransisco_villa.com,Imagen
VILLANUEVA RODRIGUEZ ODALIS,1,C,236024853-7,villanuevarodriguezodalis@alumno_francisco_villa.com,Imagen
VILLANUEVA CASTRO JAIR JOSUE,2,B,321483212-8,jairjosuevillanuevacstro@alumno_fransisco_villa.com,Imagen
GUTIERREZ JUAREZ CAMILO ANTONIO,1,B,282992045-3,gutierrezjuarezcamiloantonio@alumno_francisco_villa.com,Imagen
HERNANDEZ ZUÑIGA VICTORIA ,1,B,826879837-0,hernandezzuñigavictoria@alumno_francisco_villa.com,Imagen
VILLANUEVA SANTILLAN JONATHAN EMIR,3,B,355494543-6,jonathanemirvillanuevasantillan@alumno_fransisco_villa.com,Imagen
AXEL DANIEL REYES RODRIGUEZ,3,A,423264011-5,axeldanielreyesrodriguez@alumno_fransisco_villa.com,Imagen
SANTILLAN GARCIA EFREN ,1,B,617987660-7,santillangarciaefren@alumno_francisco_villa.com,Imagen
GUTIERREZ VELAZCO IAN,2,A,295726635-8,iangutierrezvelazco@alumno_fransisco_villa.com,Imagen
TORRES MARQUEZ MARCOS SANTIAGO,2,A,836162888-7,marcossantiagotorresmarquez@alumno_fransisco_villa.com,Imagen
HERNANDEZ JUAREZ FELIPE DE JESUS,1,C,829257175-8,hernandezjuarezfelipedejesus@alumno_francisco_villa.com,Imagen
DILAN EMILIANO MARBAN MARTINEZ,1,B,371158076-4,dilanemilianomarbanmartinez@alumno_francisco_villa.com,Imagen
DAITH MORENO SANTILLAN,3,A,433022505-1,daithmorenosantillan@alumno_fransisco_villa.com,Imagen
GARCIA AGUILAR YENIFER NICOL,1,A,300612409-6,garciaaguilaryenifernicol@alumno_francisco_villa.com,Imagen
RAMIREZ ALCANTARA AXEL,1,A,757387877-0,ramirezalcantaraaxel@alumno_francisco_villa.com,Imagen
CASTRO VIGUERAS TANIA,1,A,418679231-3,castroviguerastania@alumno_francisco_villa.com,Imagen
GONZALES MORENO DANIELA,1,A,939415657-0,gonzalesmorenodaniela@alumno_francisco_villa.com,Imagen
CORONA REYES KIMBERLY ARIDAHY,2,B,286731636-2,kimberlyaridahycoronareyes@alumno_fransisco_villa.com,Imagen
RAMOS NOLASCO FRANCISCO JAVIER,2,B,502392946-0,franciscojavierramosnolas@alumno_fransisco_villa.com,Imagen
VILLANUEVA MENDOZA MAIRIN,2,B,609096406-2,mairinvillanuevamendoza@alumno_fransisco_villa.com,Imagen
HERNANDEZ SOTO ALEXANDER LUILLY,1,B,302766727-7,hernandezsotoalexanderluilly@alumno_francisco_villa.com,Imagen
GONZALEZ SANCHEZ GUADALUPE,1,C,261139372-3,gonzalessanchezguadalupe@alumno_francisco_villa.com,Imagen
GONZALEZ RODRIGUES YOSGART,2,A,799648550-1,yosgartgonzalezrodrigues@alumno_fransisco_villa.com,Imagen
ALTAMIRANO REYES ERICK AGUSTIN,2,B,322308682-8,erickagustinaltamiranoreyes@alumno_fransisco_villa.com,Imagen
NAVARRO ORTIZ JORGE,2,B,622366617-4,jorgenavarroortiz@alumno_fransisco_villa.com,Imagen
GONZALEZ RESENDIZ JESUS ISRAEL,3,B,522613718-7,jesusisraelgonsalezresendiz@alumno_fransisco_villa.com,Imagen
ROLDAN SANTILLAN DAVID,1,C,658542516-8,roldansantillandavid@alumno_francisco_villa.com,Imagen
GUTIERREZ RAMOS ZOE,2,B,762219923-1,zoegutierrezramos@alumno_fransisco_villa.com,Imagen
VILLANUEVA CASTRO MAYTE,2,A,939370331-6,maytevillanuevacastro@alumno_fransisco_villa.com,Imagen
SAAVEDRA GUTIÉRREZ DONOVAN,1,C,872425415-0,saavedragutiérrezdonovan@alumno_francisco_villa.com,Imagen
CARBAJAL ZEPEDA NEITHAN,1,C,982452793-1,carbajalzepedaneithan@alumno_francisco_villa.com,Imagen
HERNANDEZ SANTILLAN ALLISON KAELY,1,B,277111211-0,hernandezsantillanallisonkaely@alumno_francisco_villa.com,Imagen
ERICK  AGUILAR  CARBAJAL,3,A,152279564-6,erickaguilarcarbajal@alumno_fransisco_villa.com,Imagen
ZEPEDA TAPIA BEATRIZ,3,B,185718401-5,beatrizzepedatapia@alumno_fransisco_villa.com,Imagen
GARCIA HERNADEZ ANGEL DE JESUS,2,A,922771702-3,angeidejgsusgarciahernadez@alumno_fransisco_villa.com,Imagen
SANDRA RENEE BENAVIDEZ LOPEZ,3,A,835006417-4,sandrareneebenavidezlopez@alumno_fransisco_villa.com,Imagen
JOSUE DAVID CASTRO HERNANDEZ ,3,A,826842715-6,josuedavidcastrohernandez@alumno_fransisco_villa.com,Imagen
LIZBET CORONA OLIVARES,3,A,328454633-0,lizbetcoronaolivares@alumno_fransisco_villa.com,Imagen
GUTIERREZ  VELAZCO OWEN,1,B,481451395-6,gutierrezvelazcoowen@alumno_francisco_villa.com,Imagen
MORALES CRUZ JUAN JOSE,2,A,387423224-7,juanjosemoralescruz@alumno_fransisco_villa.com,Imagen
MORENO CORONA MARIA JOSE,1,B,159430777-4,morenocoronamariajose@alumno_francisco_villa.com,Imagen
NAVARRO MORENO MERIDY,3,B,452658294-7,meridynavarromoreno@alumno_fransisco_villa.com,Imagen
JUAREZ RIVERO ALISON,3,B,223765951-0,alisonjuarezrivero@alumno_fransisco_villa.com,Imagen
MEJIA CARBAJAL UVALDO,2,B,931832140-3,uvaldomejiacarbajal@alumno_fransisco_villa.com,Imagen
BETZABE HERNANDEZ RODRIGUEZ,3,A,231238157-1,betzabehernandezrodriguez@alumno_fransisco_villa.com,Imagen
CASTRO GONZALEZ DORIS,3,B,104386801-8,doriscastrogonzalez@alumno_fransisco_villa.com,Imagen
RUIZ VIGUERAS IRIS AMACALLI,2,A,728489437-2,irisamacalliruizvigueras@alumno_fransisco_villa.com,Imagen
HARUMI CASTRO  MORENO,3,A,721603571-4,harumicastromoreno@alumno_fransisco_villa.com,Imagen
PEÑA PINEDA JORGE ALBERTO,3,B,674628959-6,jorgealberto@alumno_fransisco_villa.com,Imagen
CORONA GONZALEZ ALEXIA,2,B,260516291-7,alexiacoronagonzalez@alumno_fransisco_villa.com,Imagen
ARCE ARRIETA FRANCISCO EMMANUEL,1,A,669226604-0,arcearrietafranciscoemmanuel@alumno_francisco_villa.com,Imagen
REYES RODRIGUEZ ANGEL YAEL ,1,A,471757103-0,reyesrodriguezangelyael@alumno_francisco_villa.com,Imagen
PEREZ MONTES KARLA ABRIL,1,C,848005202-4,perezmonteskarlaabril@alumno_francisco_villa.com,Imagen
MORENO MARTINEZ ANA EVOLETH ,3,B,511525636-1,morenomartinezanaevoleth@alumno_francisco_villa.com,Imagen
RODRIGUEZ SANTILLAN LUIS FERNANDO,3,B,249164237-6,luisfernandorodriguezsantillan@alumno_fransisco_villa.com,Imagen
GONZALES MARQUEZ MAYLIN,1,A,249143202-7,gonzalesmarquezmaylin@alumno_francisco_villa.com,Imagen
CASTRO SANTILLAN JESUS ALFREDO,2,A,720599659-7,jesusalfredocastrosantillan@alumno_fransisco_villa.com,Imagen
ROSAS SANTIAGO ODET BELEM,1,A,376163062-7,rosassantiagoodetbelem@alumno_francisco_villa.com,Imagen
HERNANDEZ MENESES LUIS ANGEL,2,B,756244620-2,luisangelhernandezmeneses@alumno_fransisco_villa.com,Imagen
SANTILLAN FLORES YUNERY,2,B,260842527-4,yunerysantillanflores@alumno_fransisco_villa.com,Imagen
NAOMI GUTIERREZ HERNANDEZ,3,A,213068457-8,naomigutierrezhernandez@alumno_fransisco_villa.com,Imagen
CORONA REYES KEVIN SAID,1,B,212645899-7,coronareyeskevinsaid@alumno_francisco_villa.com,Imagen
RODRIGUEZ CARBAJAL PAOLA,1,A,947559413-0,rodriguezcarbajalpaola@alumno_francisco_villa.com,Imagen
SANTILLAN GONZALEZ JEAN JESUS,2,A,720294406-7,jeanjesussantillangonzalez@alumno_fransisco_villa.com,Imagen
GONZALEZ RODRIGUEZ MARISOL,2,A,311263637-3,marisolgonzalezrodriguez@alumno_fransisco_villa.com,Imagen
VILLANUEVA TORRES JOSHUA ARISAI,2,A,640460084-1,joshuaarisaivillanuevatorres@alumno_fransisco_villa.com,Imagen
GONZALEZ CASTRO KENIA,3,B,106604367-6,keniagonzalezcastro@alumno_fransisco_villa.com,Imagen
CUERVO GUTIERREZ MERARI ANELI,1,A,882833427-2,cuervogutierrezmerarianeli@alumno_francisco_villa.com,Imagen
MORENO CORONA SANTIAGO,1,A,595640562-4,morenocoronasantiago@alumno_francisco_villa.com,Imagen
MAITE BONILLA ROBRIGUES,3,A,682563490-3,maitebonillarobrigues@alumno_fransisco_villa.com,Imagen
CONTRERAS HERNANDEZ EVELIN VALERIA,2,A,138241664-8,evelinvaleriacontrerashernandez@alumno_fransisco_villa.com,Imagen
SALGADO GUTIERREZ ADILENE,2,B,401700660-5,adilenesalgadogutierrez@alumno_fransisco_villa.com,Imagen
HERNANDEZ ENRIQUEZ MONSERRAT,3,B,777930393-6,monserrathernandezenriquez@alumno_fransisco_villa.com,Imagen
GONZALES RODRIGUEZ DANIELA ,1,A,468614645-3,gonzalesrodriguezdaniela@alumno_francisco_villa.com,Imagen
SALGADO GUTIERREZ ADRIAN ANDERSON,3,B,642080351-7,adrianandersonsalgadogutierres@alumno_fransisco_villa.com,Imagen
HERNANDEZ SANTILLAN NEFTALI GUADALUPE,2,B,804182164-2,neftaliguadalupehernandezsantillan@alumno_fransisco_villa.com,Imagen
MEJIA CARBAJAL SUNDURI,3,B,960094954-4,sundurimejiacarbajal@alumno_fransisco_villa.com,Imagen
ANGELES SANCHEZ JOHAN,1,A,100192437-1,angelessanchezjohan@alumno_francisco_villa.com,Imagen
LESLI ZAYURI MENESESE MEJIA,3,A,647280498-2,leslizayurimenesesemejia@alumno_fransisco_villa.com,Imagen
RODRIGUEZ CARBAJAL RODRIGO,3,B,592081718-1,rodrigorodriguezcarbajal@alumno_fransisco_villa.com,Imagen
GARCIA AGUILAR DULCE YESENIA,2,A,865873831-6,dulceyeseniagarciaaguilar@alumno_fransisco_villa.com,Imagen
TAPIA GONZALEZ ALEXANDER,2,B,328541367-7,alexandertapiagonzalez@alumno_fransisco_villa.com,Imagen
ZEPEDA SOLANO DANIEL,3,B,176821982-4,danielzepedasolano@alumno_fransisco_villa.com,Imagen
ARCE JIMENEZ FERNANDO ,1,A,186988734-6,arcejimenezfernando@alumno_francisco_villa.com,Imagen
DANIEL DAVID RODRIGUEZ MENDOZA,3,A,315306129-1,danieldavidrodriguezmendoza@alumno_fransisco_villa.com,Imagen
CORONA HERNANDEZ ZOE LEILANI,2,A,428126908-2,zoeleilanicoronahernandez@alumno_fransisco_villa.com,Imagen
HERNANDEZ ZUÑIGA DIEGO ,2,B,956072924-5,hernandezzuñigadiego@alumno_francisco_villa.com,Imagen
LUIS ANGEL GOLSALEZ MORENO,3,A,331550250-5,luisangelgolsalezmoreno@alumno_fransisco_villa.com,Imagen
