NOMBRE DEL LIBRO,EDITORIAL,CANTIDAD,CODIGO  DE BARRAS,AUTOR,IMAGEN DEL CODIGO
VIAJES DE GULLIVER,INTEGRA,1,9.78968E+12,JONATHAN SWIFT,
PREHISTORIA Y PRIMERAS CIVILIZACIONES,PREMIA,1,930141,MELVIN DEWEY,
50 COSAS QUE HAY QUE SABER SOBRE EL ARTE,ARIEL,1,9.78608E+12,SUSIE HODGE,
LOS MUROS DE AGUA,EDICCIONES ERA,3,9.78968E+12,JOSE REVUELTAS,
ANDANZAS EN LA CIERRA TARAHUMARA,INSTITUTO MORA,1,30341,GRACIELLA ALTAMIRANO,
COMEDIAS IV,EDICION CONMEMORATIVA DEL  IV  CENTENARIO,3,9.7885E+12,MIGUEL DE CERVANTEZ,
"CUALIDADES FISICAS II "" RUEZA , VELOCIDAD , AGILIDAD Y CALNETAMIENTO",IMAGEN Y DEPORTE YA NO REPITO,1,9.78849E+12,MARINA DEL ESTE,
READER BOOK,SEP,1,9.78608E+12,LAURA ALICIA MEZA MARTINEZ,
LEER PARA CREER ,MISION LECTURA,2,123003,JONATHAN SWIFT,
AGENDA CIICA DE MEXICO,REYMO,1,56743283,ALEJANDRO SALDIERNA,
CIRCO POETICO,SM,2,9.78968E+12,RODOLFO FONSECA,
LOVE BY DESIGN,MACMILLAN READERS,1,9.78607E+12,KIERAN MC GOVERN,
CIENCIA  AL DIA,PLANETA,1,9.78971E+12,JOHN CRONE,
LOS SEÑORES DEL TIEMPO,PANGEA,3,9.78971E+12,HORACIO GARCIA,
YO EL CIUDADANO,FCE,2,9.78971E+12,NACHO LOPEZ,
LENGUA Y LITERATURA UNIVERSAL,ENCICLOPEDIA TEMATICA UNIVERSAL,2,879241,TOMAS DEL REY,
HISTORIA DEL MUNDO Y DE LAS ARTES,ENCICLOPEDIA TEMATICA UNIVERSAL,2,21913,TOMAS DE REY,
LA EDUCACION DE LOS ANTIGUOS NAHUAS 2,EDICCIONES EL CABALLITO,1,8607,ALFREDO LOPEZ AHUSTIN,
DE USOS Y DUDAS DEL ESPAÑOL ACTUAL,VOX,1,9.7897E+12,JOSE MARTINEZ DE SOUSA,
GRACIAS POR EL FUEGO,SOL 90,2,808,MARIO BENEDTTI,
EL DIARIO PERSONAL,SEP,1,9.78971E+12,CARMEN GURPIDE,
LAS VENAS ABIERTAS DE AMERICA LATINA,SIGLO XXI,1,56802302,EDUARDO GALEANO,
UNA VENTANA A LAS FORMAS,SANTILLANA,7,140,CARLOS BOSCH GIRAL,
EMPLEO Y MIGRACION EN LA REGION DEPATZCUARO,CONACUAR,1,9.78968E+12,ANNE-LISE Y RENE PIETRI,
PROPOSICIONES NUMERICAS,TRILLAS,1,9.78968E+12,TRILLAS,
MATERIA,FERNANDEZ EDITORES,1,9.7897E+12,CHRISTOPHER COOPER,
MATERIA,FERNANDEZ EDITORES,1,9.7897E+12,CHRISTOPHER COOPER,
LA BAJA EDAD MEDIA,SEP,1,9.7885E+12,DEWEY,
MATERIA,FERNANDEZ EDITORES,1,9.7897E+12,CHRISTOPHER COOPER,
MANIFESTACIONES DE LA ENERGIA,SANTILLANA,5,29,ANTONIA MARTIN,
BORGES LIBRO DE SUEÑOS,SEP,1,9.7897E+12,JORGE LUIS BORGES,
DESAFIO ECOLOGICO ,SEP,1,DESAFIOECOLOGICORIESGOSYSOLUCIONESPARAUNPLANETAAMENAZADO,LIBROS DELRINCON,
LA AYMOSFERA,SANTILLANA,1,23,CARLOS GAY GARCIA,
LA REVOLUCION IMAGINADA,SEP,1,9.78971E+12,ALFREDO VILCHIS,
ENERGIA,ALTEA,1,9.78968E+12,ERICH UBELACKER,
LA CIVILIZACION MESOAMERICANA,SANTILLANA,4,284,PABLO ESCALENTE GONZALBO,
CHIAPAS CRONICA DE UNA NEGOCIACON,RAULA YUE,1,860524,MARCO  ANTONIO BERNAL GUTIERREZ,
RETRATOS LITERARIOS,PAIDOS,1,9.78971E+12,S.HERNANDEZ PADILLA,
LA ENSEÑANSA DE LA ORTOGRAFIA EN LA ESCUELA PRIMARIA,ENSAYOS PEDAGOJICOS,1,860523,BOLIVAR GUARDERAS S.,
LOS DIAS ENMASCARADOS,ERA,1,9.7897E+12,CARLOS FUENTES,
EL INGENIOSO HIDALGO DON QUIJOTE DE LA MANCHA,EDICION CONMEMORATIVA DEL IV CENTENARIO,1,9.7885E+12,MIGUEL DE CERVANTES,
LA SOMBRA DEL CAUDILLO,FONDO DE CULTURA ECONIMICA,1,9.78607E+12,MARTIN LUIS GUZMAN,
"LOGROS, INEQUIDADES Y RETOS DEL FUTURO DEL SISTEMA EDUCATIVO MEXICANO",JOSE DUARTE,1,860388,JUAN PRAWDA,
EL MEJOR CASO DE VALENTE QUINTANA,SEP,1,9.78971E+12,CARLOS ISLA,
LA MANZANA DE EINSTEIN,ADN EDITORES,1,9.78969E+12,FRANCISCO NOREÑA VILLARIAS,
BODAS DE SANGRE,NORMA,2,9.7897E+12,FEDERICO GARCIA LORCA,
BREVE DICCIONARIO HISTORICO DE MEXICO,LUNARENA,1,30139,JESUS MRQUEZ CARRILLO,
HACIENDO UNA COMUNIDAD SEGURA,SEP,1,30388,MELVIN DEWEY,
GREFICAS RELACIONES Y FUNCIONES,TRILLAS,1,9.78968E+12,MELVIN DEWEY,
UNA VENTANA  A LAS INCOGNITAS,SANTILLANA,7,139,CARLOS BOSCH GIRAL,
ESTA RUINAS QUE VEZ,JOAQUIN MORTIZ,1,9.78968E+12,JORGE Y BARGUIENGOTA,
ARTE LA GUIA VISUAL DEFINITIVA,SEP,1,9.78607E+12,SEP,
UN VIAJE AL MEXICO PROFUNDO,SANTILLANA,1,9.78968E+12,GUSTAVO VELA,
LOS DESIGNOS DE LA DIOSA,CONACULTA,1,152230,GUSTAVO RUIZ PASCACIO,
EL SISTEMA DE LOS ENTEROS,EDITORIAL TRILLAS MEXICO S.A,1,38705715,EDITORIAL TRILLAS,
DEL ATOMO AL INFINITO,SEP,1,9.78607E+12,MARY Y JOHN GRIBBIN,
EL EXTRAÑO CASO DEL DR.JEKYLL Y MR. HYDE,SEP,1,9.78968E+12,ROBERT LOUIS STEVENSON,
NUEVAS LINEAS DE INVESTIGACION,ERA,1,9.78968E+12,MARTIN SOLARES,
LA TIERRA,SANTILLANA,2,36,CINNA LOMNITZ,
DICCIONARIO DE MUSICA,OCEANO,2,9.78968E+12,ARTHUR JACOBS,
EL OCEANO INTERIOR LEYES FISICAS DE LA HEMODINAMIA,INSTITUTO POLITECNICO NACIONAL (IPN),1,9.78968E+12,ALBERTO RANGEL ABUNDIS,
LIFE ONLINE,CAMBRIDGE UNIVERSITY PRESS,1,9.78111E+12,KATHRYN O´DELL,
NOVELA EJEMPLARES,EDICION CONMEMORATIVA DEL  IV  CENTENARIO,3,9.7885E+12,MIGUEL DE CERVANTEZ,
ANTOLOGIA SOBRE HOMBRES PLANES E IDEAS LOS PRINCIPALES PROTAGONISTAS DE LA REVOLUCION MEXICANA,SECRETARIA DE DIVULGACION IDEOLOGICA,1,353,FERNANDO ZERTUCHE MUÑOZ,
CECILO CHI,LIBROS DEL RINCON,2,9.78968E+12,JAVIER GOMEZ NAVARRETE,
LA INTELIGENCIA PEREGRINA,SEP,8,30462,FERNANDO SERRANO MIGALLON,
LOS CAZADDORES DE MICROBIOS,EDITORIAL PORRUA,2,9.78968E+12,PAUL DE KRUIF,
VIVIR Y BEBER,CAL Y ARENA,1,380,HUGO HIRIART,
LA SALUD  MATERIAL PARA EL MEDIDADOR FACILITADOR FAMILIAR,SEP,2,285123520,MIGUEL ANGEL RODRIGUEZ FELIPE,
DR JEKULL AND MR HYDE,MACMILLAN,2,9.78607E+12,ROBERT LOUIS,
EL SIGLO XIX,SANTILLANA,1,9.7897E+12,MARTHA POBLETT,
LA TIERRA Y ELUNIVERSO,SANTILLANA,1,26,JULIETA FIERRO,
ARMA LA HISTORIA,SEP,3,9.78607E+12,ALONSO JULAMBIO,
ANTROPOLOGIA,SEP,1,5.0011E+13,FELIPE SOLIS,
LAS AVENTURAS DE HUCKLEBERRY FINN,EDICIONES SM,1,9.7897E+12,MARK TWAIN,
"LOGROS, INEQUIDADES Y RETOS DEL FUTURO DEL SISTEMA EDUCATIVO MEXICANO",JOSE DUARTE,1,860388,JUAN PRAWDA,
"ESTUDIO, TRABAJO Y REALIZACION",SANTILLANA,6,314,REYNA ADELA VILLEGAS REYES,
IDEAS QUE CUENTAN HISTORIAS DE LA IDEAS DE PEPE,CALLIS,1,9.78968E+12,SILVIA CAMOSSA,
ECOTURISMO Y AVENTURA,MEXICO DESCONOCIDO,1,9.78971E+12,CLAUDIO CONTRERAS,
COMPUTACION Y TECNOLIGIA,ENCICLOPEDIA TEMATICA UNIVERSAL,2,756709,TOMAS DEL REY,
ESTAMPIDA DE RIELES,SEP,1,860166,JOSE BUIL,
"LOGROS, INEQUIDADES Y RETOS DEL FUTURO DEL SISTEMA EDUCATIVO MEXICANO",JOSE DUARTE,1,860388,JUAN PRAWDA,
READER´S BOOK,EDEBE,2,9.78608E+12,MARIA DEL ROCIO VARGAS,
UNA VICION EN DOS SUEÑOS,SEP,1,860333,SAMUEL TAYLOR,
NUESTRO CUERPO,SANTILLANA,1,9.7897E+12,YVONNE ROSENTEIN,
CONFERENCIAS,SEP,1,86022,JOSE MUÑOZ COTA,
READER´S BOOK,EDEBE,2,9.78608E+12,MARIA DEL ROCIO VARGAS,
SER ADOLECENTE,SANTILLANA,1,325,ELIZABETH CARBAJAL HUERTA,
EL INGENIOSO QUIJOTE DE LA MANCHA VOL. IV,EDICION CONMEMORATIVA DEL IV CENTENARIO,3,9.7885E+12,MIGUEL DE CERVANTES,
MATERIA,FERNANDEZ EDITORES,1,9.7897E+12,CHRISTOPHER COOPER,
MATERIA,FERNANDEZ EDITORES,1,9.7897E+12,CHRISTOPHER COOPER,
LOS CAZADDORES DE MICROBIOS,EDITORIAL PORRUA,2,9.78968E+12,PAUL DE KRUIF,
TRABAJAR EN EQUIPO,SIGLO VENTIUNO,1,9.78968E+12,PIERRE MAHIEU,
ELCLUB DE LA SALAMANDRA,SM,1,9.7897E+12,JAIME ALFONSO SANDOVAL,
GEOGRAFIA UNIVERSAL,ENCICLOPEDIA TEMATICA UNIVERSAL,1,327438,TOMAS DEL REY,
FLOR  Y CANTO,SANTILLANA,6,170,FEDERICO NAVARRETE,
NUMEROS Y SUS FACTORES,TRILLAS,1,5101852,MELVIN DEWEY,
MATERIA,FERNANDEZ EDITORES,1,9.7897E+12,CHRISTOPHER COOPER,
LEER PARA CREER ,MISION LECTURA,2,123002,CHARLES DICKENS,
ECCOLOGIAANIMAL,BIBLIOTECA PUBLICA MUNICIPAL  504,1,86029,CHARLES ELTON,
DE LA VIDA DE LAS PLANTAS Y DE LOS HOMBRES,SEP,1,9.78968E+12,MANUEL ROJAS GARCIDUEÑAS,
"LOGROS, INEQUIDADES Y RETOS DEL FUTURO DEL SISTEMA EDUCATIVO MEXICANO",JOSE DUARTE,1,860388,JUAN PRAWDA,
LA RADIACION SOLAR,TERRACOTA ET,1,9.78608E+12,DAVID RIVEROS ROSA,
DESAFIO ECOLOGICO 9,SEP,3,74831224,SEP,
SONIDO Y AUDICION,EDICIONES CULTURALES INTERNACIONALES,1,5304,FRED WARSHOFSKY,
SURVIVAL GUIDE,CAMBRIDGE,2,9.78111E+12,KATHRYN O DELL,
EL IMPACTO DEL MOVIMIENTO ARMADO,DOCUMENTOS Y TESTIMONIOS,1,860209,JOSE ANTONIO GUTIERREZ GOMEZ,
NUEVA  HISTORIA MINIMA DE MEXICO,SEP,1,860212,PABLO ESCALANTE GONZALBO,
LOS INSURGENTES APODADOS,SEP,2,9.78607E+12,ELIAS AMADOR,
MATERIA,FERNANDEZ EDITORES,1,9.7897E+12,CHRISTOPHER COOPER,
LA PALABRA MODELO,MC GRAW HILL,1,9.78971E+12,PATRICK JOHANSSON K.,
"CUALIDADES FISCAS I "" RESISTENCIA Y FLEXIBILIDAD """,IMAGUEN Y DEPORTE,4,9.78849E+12,EDUARDO TIERZ GRACIA,
EL SEÑOR PALOFIERRO,GARABATOS EDITORIAL,2,9.78607E+12,MANUEL GARCIA MADRID,
ANTOLOGIA DE CUENTOS MEXICANOS,PATRIA,1,9.78607E+12,MARIA DEL CARMEN MILLAN,
METRO POP,EDICIONES SM,1,9.78971E+12,FRAN ILICH,
PUENTE EN LA SELVA,CFE,1,9.78968E+12,MELVIN DEWEY,
ESTAMPAS DE LA COLINA,PATRIA,1,93057,CRISTINA URRUTIA,
NUMEROS RECIONALES 6,TRILLAS,1,9.78968E+12,FEDERICO GALVAN,
POESIA POPULAR MEXICANA,EDICIONES CAL Y ARENA,1,9.78968E+12,LUIS MIGUEL,
MUSEO NACIONAL DE ANTROPOLOGIA,SEP,5,5.0011E+13,FELIPE SOLIS,
LAS ARMAS Y LAS LETRAS,AMAQUEMECAN,2,9.78608E+12,IGNACIO MANUEL ALTAMIRANO,
ANTIGUA Y NUEVA PALABRA,AGUILAR,2,9.78968E+12,MIGUEL LEON PORTILLA,
"JEFES, HEROES Y ACAUDILLOS",CFE,1,9.78971E+12,PICACHO AJUSCO,
TEATRO JOVEN DE  MEXICO,EDITORES MEXICANOS UNIDOS,1,9.78968E+12,EMILIO CARBALLIDO,
EDUCACCION POPULAR HIDTORICIDAD Y POTENCIAL EMANCIPADOR,BIBLIOTECA SENTENARIA,1,9.78608E+12,ALFONSO TORRES CARRILLO,
LA PINTURA ENTRADA LIBRE,EDICIONES SM,2,9.78968E+12,MARIE SELLIER,
DICCIOARIO ENCICLOPEDICO MILLENIUM TOMO 12,ESPASA,1,80721,JORGE  HERNADEZ ALIQUES,
AL JUGAR CON LA GRAMATICA,SANTILLANA,5,312,ALVERTO VITAL,
ATLAS UNIVERSAL DE MEXICO,CASTILLO,2,9.78968E+12,MELVIL DEWEY,
TRAVESIA POR MEXICO,SANTILLANA,5,33,GLORIA VALEK,
DEADLY ANIMALS,SEP,1,9.78111E+12,KENNA BOURKE,
HABLABA CON LAS BESTIAS LOS PECES Y LOS PAJAROS,OCEANO,2,9.78971E+12,KONRAD LORENZ,
ARMA LA HISTORIA,GRIJALBO,1,9.78607E+12,ALFREDO AVILA,
CORNUCOPIA DE MEXICO Y NUEVA CORNUCOPIA MEXICANA,CFE,1,860522,GERARDO DIEGO,
FARENHEIT 451,SEP,2,9.78968E+12,RAY BRADBURY,
"TOMO 9, ORI-PSI",GRAN ENCICLOPEDIA VISUAL,2,9.7885E+12,ORI-PSI,
"TOMO 10, PSI-SAN",GRAN ENCICLOPEDIA VISUAL,2,9.7885E+12,PSI-SAN,
LA SALUD  MATERIAL PARA EL MEDIADOR,SEP,2,2805123520,MIGUEL ANGEL RODRIGUEZ FELIPE,
"LOGROS, INEQUIDADES Y RETOS DEL FUTURO DEL SISTEMA EDUCATIVO MEXICANO",JOSE DUARTE,1,860388,JUAN PRAWDA,
EL PRICIONERO DE LA VERDAD  BERTRAND RUSSELL,PANGEA,1,9.78969E+12,ELISA BONILLA,
"LOGROS, INEQUIDADES Y RETOS DEL FUTURO DEL SISTEMA EDUCATIVO MEXICANO",JOSE DUARTE,1,860388,JUAN PRAWDA,
LA SORPREZA DE LOS NUMEROS,MAEVA OCEANO,1,9.78968E+12,ANNA CERASOLI,
TELLER DE ANIMACION MUSICAL Y JUEGOS,LIBROS DEL RINCON,1,86052,LUIS MARIA PESCETTI,
DE LA PREHISTORIA A LASCIVILIZACIONES AGRICOLAS,SANTILLANA,1,88,DANIELA LUISELLI,
DICCIONARIO ILUSTRADO DE LA LENGUA ESPAÑOLA,LAROUSSE,1,9.78971E+12,ELADIO PASCUAL FORONDA,
SON DEL AFRICA,FONDO DE CULTURA ECONOMICA,5,9.7897E+12,SERGIO BIZZIO,
UNDIA EN LA BIBLIOTECA,SANTILLANA,5,183,VICENTE QUIRARTE,
LOS RELAMPAGOS DE AGOSTO,PLANETA,1,9.78968E+12,JORGE  IBARGUENGOITIA,
DICCIONARIO DEL ESPAÑOL USUAL EN MEXICO,SEP,1,9.7897E+12,SEP,
LOS NUEVOS HEREDEEROS DE ZAPATA,CFE,15,5603545,ARMANDO BATRA,
"TOMO 3, CAM-CON",GRAN ENCICLOPEDIA VISUAL,2,9.7885E+12,CAM-CON,
CIRCO POETICO,SM,2,9.78968E+12,RODOLFO FONSECA,
VIVIENDO CON CANIVALES Y OTRAS HISTORIAS DE MUJERES,OCEANO,3,9.78971E+12,MICHELE SLUNG,
OBRAS COMPLETAS,ERA,1,9.78607E+12,AUGUSTO MONTERROSO,
AL PASO DEL TIEMPO,CFE,1,9.78971E+12,JOSE LUIS NEYRA,
REFLEJOS Y SOMBRAS,PETRA EDICIONES,1,9.78608E+12,SAUL STEINBERG,
CORNUCOPIA DE MEXICO Y NUEVA CORNUCOPIA MEXICANA,CFE,1,860522,GERARDO DIEGO,
BREVE DICCIONARIO HISTORICO DE MEXICO,LUNARENA,1,30138,JESUS MARQUEZ CARRILLO,
EL VIDEO EN EL AULA,SEP,1,86079,SEP,
DE KEBE NHO SEKE GO BEN,SEP,1,9.78971E+12,JAVIER CASTELLANOS,
ASTRONOMIA PARA NIÑOS Y JOVENES,LIMUSA WILEY,1,9.7897E+12,JANICA VEANCLAVE,
MEXICO UN PUEBLO EN LA HISTORIA 7,ALIANZA EDITORIAL MEXICANA,1,30100,ENRIQUE SEMO,
LOS INSURGENTES APODADOS,SEP,2,9.78607E+12,ELIAS AMADOR,
FISICA RECREATIVA,QUINTO SOL,1,9.78969E+12,SALVADOR GONZALES,
LOS INIICIOS DE LA EDAD MODERNA,SEP,1,9.7885E+12,DEWEY,
CIENCIAS DE LA NATURALEZA Y EL  MEDIO AMBIENTE,ENCICLOPEDIA TEMATICA UNIVELSAL,2,124048,MARIA LUISA MENDEZ,
CATALOGO HISTORICO,PROGRAMA NACIONAL DE LECTURA,1,06001F0221201,ELENA ORTIZ,
CLAWS,MACMILLAN,2,9.78607E+12,JOHN LANDON,
SOBRE HEROES Y TUMBAS,SOL 90,2,3073,ERNESTO SABATO,
"TOMO 5, ERI-GIN",GRAN ENCICLOPEDIA VISUAL,2,9.7885E+12,ERI-GIN,
GENEROS VIEJOS Y NUUEVOS,SANTILLANA,6,171,ALBERTO VITAL,
EL UNIVERSO DE LA QUIMICA,SANTILLANA,4,159,HORACIO GARCIA,
LA NOVELA Y SUS CAMINOS,SANTILLANA,5,174,FEDERICO PATAN,
CATALOGO HISTORICO,PROGRAMA NACIONAL DE LECTURA,1,6.00112E+13,ELENA ORTIZ,
MATEMATICAS Y ECONOMIA,ENCICLOPEDIA TEMATICA UNIVERSAL,1,54321,MARIA LUISA MENDEZ,
DIARIO DEL VIAJE A LA NUEVA ESPAÑA,SEP,1,70,HERIBERTO MORENO,
HISTORIA DEL ALMIRANTE TOMO 34,APP,1,189,HERNANDO COLON,
LA ENSEÑANSA DE LA ORTOGRAFIA EN LA ESCUELA PRIMARIA,ENSAYOS PEDAGOJICOS,1,860523,BOLIVAR GUARDERAS S.,
MATERIA,FERNANDEZ EDITORES,1,9.7897E+12,CHRISTOPHER COOPER,
CANCIONES POPULAR MEXICANO,OCEANO,1,9.78968E+12,MARIO KURI,
CUENTOS,OCEANO,1,9.78971E+12,ALFONSO REYES,
EL CAPITAN VENENO,SIGLO VENTIUNO,2,9.78968E+12,PEDRO ANTONIO D ALARCON,
NO SOY UN LIBRO,COLOFON,1,9.78968E+12,JOSE MARIA MERINO,
EL SISTEMA DE LOS NUMEROS RACIONALES,EDITORIAL TRILLAS,1,220356,EDITORIAL TRILLAS,
CORNUCOPIA DE MEXICO Y NUEVA CORNUCOPIA MEXICANA,CFE,1,860522,GERARDO DIEGO,
VIDA COTIDIANA CIUDAD DE MEXICO,CFE,2,93036,MELVIN DEWEY,
STEPHEN HAWKING SU VIDA SU TEORIA SU INFLUENCIA,MARIN,2,9.78608E+12,PAULPARSONS,
DEL ATOMO AL HOMBRE,SANTILLANA,3,87,HORACIO GARCIA,
ESENARIOS DE LA MEMORIA,EDICIONES ERA,1,9.78968E+12,VICENTE ROJO,
LA CIENCIA EN EDAD MEDIA,AGUILAR,2,9.78971E+12,JOSE LUIZ TRUEBA LARA,
EL SISTEMA DE LOS NUMEROS REALES,EDITORIAL TRILLAS,1,9.78968E+12,EDITORIAL TRILLAS,
LOS HOMBRES Y LAS MUJERES DEL MAIZ,CIESAS 35 AÑOS,1,9.78607E+12,JORGE GUZMAN,
FUENTEOVEJUNA,SOL 90,2,807,LOPE DE VEGA,
JAIME TORRES BODET,SEP,1,9.78607E+12,FERNANDO SERITUCHE MUÑOS,
VITRALES DE MEXICO,SEP,2,9.79971E+12,TAMEZ GUERRA,
COOL JOBS,CAMBRIDGE,2,9.78111E+12,DAVID MAULE,
UN HOMBRE CELEBRE,SIGLO VENTIUO,1,9.78968E+12,JOAQUIM MARIA DE ASIS,
ELECTRICIDAD,FERNANDEZ EDITORES,1,9.7897E+12,FERNANDEZ EDITORES,
YO ES OTRO SINCERAMENTE SUYO,GODOT,1,9.78971E+12,HENRY JEKYLL,
LA LENGUA Y LOS HABLANTES,TRILLAS,1,560520,RAUL AVILA,
EL MOVIMIENTO,SANTILLANA,1,9.7897E+12,FRANCISCO  NOREÑA  VILLARIAS,
LOS MAYAS Y SUSRAICEZ DE AGUA,NOSTRA EDICIONES,1,9.78608E+12,BORIS VISKIN,
ADIOS A LAS TRAMPAS,FONDO DE CULTURA ECONOMICA,3,9.78968E+12,GERMAN DEHESA,
MATERIA,FERNANDEZ EDITORES,1,9.7897E+12,CHRISTOPHER COOPER,
READER´S BOOK,EDEBE,2,9.78608E+12,MARIA DEL ROCIO VARGAS,
DISCOVERING THE SEA,CAMBRIDGE,1,9.78111E+12,CAROLINE SHACKLETON,
DESAFIO ECOLOGICO 12,SEP,1,74831227,SEP,
MEMORIA DEL PRIMER ENCUENTRO INTERNACIONAL SOBRE BIBLIOTECAS PUBLICAS,CONACULTA,3,860972,JOSE ROQUE QUINTERO,
MUJERES PO LA INDEPENDENCIA,LECTORUM,1,9.78607E+12,SEBASTIAN ALANIZ,
DESCUBRIENDO EL MAGICO MUNDO DE GAUGUIN,SEP,1,9.78608E+12,MARIA J.JORDA,
TROPIEZOS,SEP,1,9.78968E+12,JAIME PERAZA,
LOS TRABAJOS DE PERSILES YSIGISMUNDA,EDICION CONMEMORATIVA DEL IV CENTENARIO,3,9.7885E+12,MIGUEL DE CERVANTES,
GUIA DE CARPINTERIA,ORGANIZACION CULTURAL,4,9.78971E+12,MELVIN DEWEY,
HISTORIA NATURAL,ARTES DE MEXICO,1,860493,MAGARI LARA,
READER´S BOOK,EDEBE,2,9.78608E+12,MARIA DEL ROCIO VARGAS,
ESBOZO DE HISTORIA UNIVERSAL,GRIJALBO,1,8605,JUAN BROM,
MATERIA,FERNANDEZ EDITORES,1,9.7897E+12,CHRISTOPHER COOPER,
CUANTO PESA UNA NUBE,MANON TROPPO,1,9.78968E+12,IRIS HAMMELMANN,
DIARIO DEL VIAJE A LA NUEVA  ESPAÑA,SEP,1,70,FRANCISCO DE AJOFRIN,
MANUALPARA LA ELABORACION DE TEXTOS DE AUTOESTUDIO,COLEGIO NACIONAL DE EDUCACION PROFECIONAL TECNICA,1,27131612,JUAN JAIME CASTILLO,
PASOS DE DANZA Y DE HISTORIA,SANTILLANA,1,50,PATRICIA CARDONA,
CIRCO POETICO,SM,2,9.78968E+12,RODOLFO FONSECA,
ESPLENDOR Y DECADENCIA DE ROMA,SEP,1,9.7885E+12,MELVIN,
NA MITON,OCEANO,1,9.78971E+12,MELVIN DEWEY,
CALOR Y TEMPERATURA,SANTILLANA,1,159,JULIA TAGUEÑA,
EL ARTIFICE DEL METODO,PANGEA,1,860243,FRANCIS BACON,
LA QUIMICA EN EL ARTE,ADM,1,9.78607E+12,"HORACIO GARCIA, LENA GARCIA",
LA PARCELA,SIGLO VEINTI UNO EDITORESS,2,9.78968E+12,JOSE LOPEZ PORTILLO Y ROJAS,
LAZARO CARDENAS INCONOGRAFIA,TURNER OCEANO,2,9.78968E+12,ADLFO GILLY,
UNA VENTANA A LA INCERTIDUMBRE,SANTILLANA,7,132,CARLOS BOSCH GIRAL,
LEYES E INSTITUCIONES EN MEXICO,SANTILLANA,6,176,JUAN CARBAJAL HUERTA,
LA RUMBA,SEP,1,560506,ANGEL DE CAMPO,
MEXICANOS EMINENTES,TUS QUETS EDITORES,2,9.78971E+12,ENRRIQUE KRAUZE,
COMO CONCERVAR SUS DIENTES Y ENCIAS TODA LA VIDA,LIBROS DEL RINCON,1,9.78971E+12,AGUSTIN CERON,
"VERSO,MUSICA Y BAILE DE ARTESA DE LA COSTA CHICA",PROGRAMA NACIONAL LECTURA,1,9.78968E+12,SAN NICOLAS,
LAS FLORES DEL MAL,NORDICA LIBROS,1,9.78607E+12,CHARLES BAUDELAIRE,
DESAFIO ECOLOGICO,SEP,1,74831228,SEP,
MEDIOS DE COMUNICACION,SANTILLANA,6,301814,EDUARDO HUCHIM,
TEATRO PARA ADOLECENTES,EDITORES MEXICANOS UNIDOS,1,9.78968E+12,EMILIO CARBADILLO,
LA ERA DEL RENACIMIENTO,SANTILLANA,2,283,PABLO ESCALENTE GONZALBO,
DEL ABSOLUTISMO A LAS REVOLUCIONES LIBERALES,SANTILLANA,7,86,RICARDO GAMBO RAMIREZ,
DIVIINA COMEDIA,SOL 90,2,3080,DANTE ALIGHIERI,
LA LOCURA DEL ALMAYER,SIGLO VEINTIUNO EDITORES,1,9.78968E+12,JOSEPH CORRAT,
CANTERVILLE GHOST,SEP,1,9.7897E+12,OSCAR WILDE,
NDOBA ISIEN,SEP,2,9.78971E+12,JUAN GEGORIO REGINO,
INFANCIA DE LA LUZ,EDICIONES SM,2,9.78971E+12,HOMERO ARIDJIS,
LOS DESIGNOS DE LA DIOSA,CONACULTA,1,152230,GUSTAVO RUIZ PASCACIO,
LEER PARA CRECER ,MISION LECTURA,1,123006,GUSTAVO ADOLFO BECQUER,
GRANDES IMPERIOS DE LA ANTIGUEDAD,SEP,1,9.7885E+12,MELVIN DEWEY,
POESIA POPULAR MEXICANA,CAL Y ARENA,1,9.78969E+12,LUIS MIGUEL GUILAR,
CRONICAS GEOMETRICAS,SANTILLANA,6,9.7897E+12,CONCEPCION RUIZ,
SOBRE HEROES Y TUMBAS,SOL 90,2,3073,ERNESTO SABATO,
EL LIBRO DE LOS PIONEROS,AMBAR OCEANO,1,9.78607E+12,TEO GOMEZ,
EL CANDOR DEL PADRE BROW,OCEANO,1,9.78968E+12,ALFONSO REYES,
LOS CAZADDORES DE MICROBIOS,EDITORIAL PORRUA,2,9.78968E+12,PAUL DE KRUIF,
BREVE ANTOLOGIA DE CIENCIA FICCION,SUDAMERICANA,2,9.78971E+12,CLARKE BRADBURY,
ENTREMESES,EDICION CONMEMORATIVA DEL IV CENTENARIO,3,9.7885E+12,MIGUEL DE SERVANTES,
BAULUN CANAN,FONDO DE CULTURA ECONOMICA,1,86013,ROSARIO CASTELLANOS,
RELATOS  VERTIGINOSOS,ALFAGUARA |,1,9.7897E+12,LAURO SAVALA,
GLOSAS Y DDECIMAS DE MEXICO,FONDO DE CULTURA ECONOMICA,1,560521,VICENTE MENDOZA,
CUENTOS CUANTICOS,ADN EDITORES,1,9.7897E+12,SERGIO DE REGULES RUIS,
ZACATECAS CIELO CRUEL TIERRA COLORADA,CONSEJO NACIONAL PARA LA CULTURA Y LAS ARTES,1,9.78968E+12,SEVERINO SALAZAR,
LA METODOLOGIA DEL APRENDIZAJE SERVICO,NARCEA,1,9.78608E+12,PEDRO MARIA URUÑUELA,
VICENTE MUÑOS PUELLES,EDEBE,1,9.78607E+12,MELVIN DEWEY,
NOVELA EJEMPLARES,EDICION CONMEMORATIVA DEL  IV  CENTENARIO,3,9.7885E+12,MIGUEL DE CERVANTEZ,
LA GALETEA VOL. II,EDICION CONMEMORATIVA DEL IV CENTENARIO,5,9.7885E+12,MIGUEL DE CERVANTES,
CUENTOS DE CANTERBURY,VICENS VIVES,1,9.7897E+12,VICTOR AMBRUS,
LA FISICA ES DIVERSION,NATIONAL GEOGRAPHIC SOCIETY,1,53012,GILBERT M. GROSVENOR,
UN PROGRAMA DE DESARROLLO INFORMATIVO,MAGISTERIO,1,5103,IGNACIO PICHARDO PAGAZA,
DESARROLLO DE COMPETENCIAS LECTORAS Y OBSTACULOS QUE SE PRESENTAN,INTELIGENCIA EDUCATIVA,4,9.78971E+12,INTELIGENCIA EDUCATIVA,
EL IMPERIO DE LOS NUMEROS,MARIN,1,9.78608E+12,DENIS GUEDJ,
AMERICA PRECOLOMBINA,SEP,1,9.7885E+12,DEWEY,
HERBERT WEST REANIMADOR,ALFAGUARA,2,9.78607E+12,DIEGO MOLINA,
GEOTERMIA ENERGIA DE LA TIERRA,SEP,1,9.78608E+12,EDGAR RONALDO,
LEER PARA CRECER ,MISION LECTURA,1,123008,GEORGE ORWELL,
LAS REGLAS DEL VERANO,COLOFON,1,9.78608E+12,SHAUN TAN,
COMO FUNCIONAN LAS COSAS,SEP,2,9.78971E+12,MELVIN DEWEY,
EL ASOMBROSO CAMINO DE LOS MAPAS,EL NACIONAL,1,9.78968E+12,MELVIN DEWEY,
PEDAGPGIA DE LA ESPERANZA,SIGLO VENTIUNO,3,9.78608E+12,PAULO FREIRE,
ATLAS DEL MUNDO,SEP,1,93045,MELVIN DEWEY,
CORNUCOPIA DE MEXICO Y NUEVA CORNUCOPIA MEXICANA,CFE,1,860522,GERARDO DIEGO,
LA BAJA EDAD MEDIA,SEP,1,9.7885E+12,MELVIN,
FORMACION CIVICA Y ETICA,SEP,1,9.78608E+12,RICARDO VELAZQUEZ,
MEMORIAS DE CONQUISTA,ALFAGUARRA JUVENIL,1,9.78971E+12,ANTONIO RUBIAL,
LOS INVENTOS,ALTEA,1,22151216,LIONEL BENDER,
EL CONSTITUCIONALISMO EN MICHOACAN,CONCEJO NACIONAL PARA LA CULTURA Y LAS ARTES,1,9.78968E+12,VERONICA OIKION SOLANO,
SOBRE HEROES Y TUMBAS,SOL 90,2,3073,ERNESTO SABATO,
COSAS SENCILLAS PARA SALVAR A LA TIERRA,DIANA,1,860376,EARTH WORKS GROUP,
DIDACTICA,TRILLAS,1,9.78608E+12,GABRIEL JORGE,
DESCUBRIR VOLUMEN 7,SEP,1,301463,JOSE LUIS SANCHEZ,
DIDACTICA ,BIBLIOTECA CENTENARIA,1,9.78608E+12,GABRIEL JORGE,
XOJOBAL JALOB TE,PLURALIA,2,9.78608E+12,RUPERTA BAUTISTA,
MEXICO EN GUERRA (1846-1848),CONSEJO NACIONAL PARA LA CULTURA Y LAS ARTES,1,9.78968E+12,LAURA HERRERA SERNA,
FISICA Y QUIMICA,ENCICLOPEDIA TEMATICA UNIVERSAL,2,840152,TOMAS DEL REY,
EL BUEN CIUDADANO,SEP,1,8606,FRANCISCO BARRERA,
FIERA INFANCIA Y OTROS AÑOS,CONSEJO NACIONAL DE LA CULTURA Y LAS ARTES,1,171,RICARDO GARIBAN,
"LA OCUPACION YANQUI DE LA CIUDAD DE MEXICO, 1847-1848",INAH,1,9.78968E+12,MARIA GAYON CORDOVA,
POR QUE,SEP,1,9.78968E+12,JUAN ESCURDIA,
EL PLACER DE COMER Y ESTAR SANO,EDITORIAL TERRACOTA,1,9.78607E+12,GUADALUPE ESQUIVEL,
ATLAS DEL MUNDO,VICENS VIVES,1,9002,MELVIL DELWEY,
NUESTRA RAIZ,CLIO,1,9.7897E+12,JAN DE VOS,
EL CURIOSO INCIDENTE DEL PERRO A MEDIANOCHE,SEP,1,9.78968E+12,MARK HADDON,
HISTORIA ESENCIAL DE MEXICO,SEP,3,8601322,ARMANDO AYALA ANGUINO,
SOCIOLOGICA ,UNIVERSIDAD AUTONOMA METROPOLITANA,2,775865,JOSE HERNANDEZ PRADO,
LOS REVOLUCIONARIOS FRENTE AL PORFIRIATO A 100 AÑOS DE LA REVOLUCION MEXICANA,LIBROS DEL RINCONG,1,9.78607E+12,JOSEFINA MAC GREGOR,
LOS CAZADDORES DE MICROBIOS,EDITORIAL PORRUA,2,9.78968E+12,PAUL DE KRUIF,
BESTIARIO,ALFAGUARA,2,9.78971E+12,JULIO CORTAZAR,
JUAREZ EL REPIBLICANO,SEP,15,216,JOSEFINA ZORAIDA VAZQUEZ,
ELECTRICIDAD Y MAGNETISMO,SANTILLANA,2,97,JORGE FLORES,
HISTORIA DE LA PINTURA,RALL,2,9.78968E+12,WENDY BECKETT,
MOSAICOS ,SIGLO VEINTIUNO EDITORES,1,9.78968E+12,GHISLAIN DE MARSILY,
LUZ,FERNANDES EDITORES,1,9.7897E+12,DAVID BURNIE,
LUZ  Y VISION,CULTURALES INTERNACIONALES,1,3305,MARGARITA ALVAREZ FRANCO,
DE TROTAMUNOS Y AVENTUREROS,SANTILLANA,1,9.78971E+12,MARIANA FLORDELISCO,
EL MUNDO HOY,SANTILLANA,3,17,ESTRELLA BURGOS RUIZ,
NATURALEZA 3,SANTILLANA,1,93036,JOSE MONCHO MORALES,
MATERIA,FERNANDEZ EDITORES,1,9.7897E+12,CHRISTOPHER COOPER,
ANTOLOGIA DE RELATO POLICIAL,VICENS VIVES,1,9.78607E+12,J SANTAMARIA Y P ALONSO,
"TOMO 7, ISL-MAR",GRAN ENCICLOPEDIA VISUAL,2,9.7885E+12,ISL-MAR,
CUENTOS CENTROAMERICANOS,ANDRES BELLO,1,9.78968E+12,POLI DELANO,
EL ORDENADOR DEL MUNDO,PANGEA,1,9.78971E+12,CARL LINNE,
EL PEQUEÑO LAROUSSE ILUSTRADO 2003,LAROUSSE,1,9.7897E+12,LAROUSSE,
"TOMO 8, MAR-ORI",GRAN ENCICLOPEDIA VISUAL,2,9.7885E+12,MAR-ORI,
MATERIA,FERNANDEZ EDITORES,1,9.7897E+12,CHRISTOPHER COOPER,
LOS DESIGNOS DE LA DIOSA,CONACULTA,1,152230,GUSTAVO RUIZ PASCACIO,
DRINK,CAMBRIDGE,2,9.78111E+12,KAREN HOLMES,
LOS OJOS DEL PAISAJE,CONACUAR,1,9.78968E+12,ALVARO RUIZ,
"VIDA, PENSAMIENTO Y OBRA",SEP,1,86061,RAMON MARTINEZ ESCAMILLA,
LOS REBELDES VENCIDOS,CFE,16,8603564,CALOS MARTINEZ ASSAD,
HABLEMOS DE LOS AÑOS 60 LA REBELDIA,SEP,2,9.78608E+12,MELVIN DENWEY,
AHI DUELE,TERRACOTA,3,9.78608E+12,MARIA ANTONIETA FLORES MUÑOZ,
GRINGO VIEJO,SEP,2,9.78968E+12,CARLOS FUENTES,
PUEBLAHISTORIA DE UNA IDENTIDAD REGIONAL TOMO III EL SIGLO DE LA REVOLUCION MEXICANA A LA METROPOLICONTEMPORANEA,SEP,2,560858,CARLOS CONTRERAS CRUZ,
GRAN ENCICLOPEDIA VISUAL TOMO 12,SL,1,80912,JAVIER FEBRE,
CORNUCOPIA DE MEXICO Y NUEVA CORNUCOPIA MEXICANA,CFE,1,860522,GERARDO DIEGO,
EL MISTERIOSO JARRON MULTIPLICADOR,SEP,1,9.78968E+12,MASAICHIRO Y MITSUMASA ANNO,
EUREKA,SEP,2,9.78971E+12,RICHARD PLATT,
COMO VES,SEP,1,7.52436E+11,MANUEL SANDOVAL,
ODISEA,SOL 90,2,8010,HOMERO,
HILATURA DEL HENEQUEN,SEP,1,30389,HORACIO TAMAYO PADILLA,
NUMEROS RECIONALES 6,TRILLAS,2,9.78968E+12,FEDERICO GALVAN ANAYA,
WATER,CAMBRIDGE,2,9.78111E+12,GENEVIENE KOCIENDA,
ENERGIA MOTOR DE LA VIDA,CEIBA,1,9.78971E+12,JAIME BALI,
EL DIOSERO,CFE,1,9.78968E+12,FRANCISCO ROJAS GONZALES,
A COMPREHENSIVE,INSTITUTO POLITECNICO NACIONAL,1,9.7897E+12,ANGEL KURI MORALES,
MAS CORNADAS DA EL AMBRE,SPOTA,1,86011,GRIJALBO,
A CHRISTMAS CAROL,MACMILLAN,1,9.78607E+12,CHARLES DICKENS,
UNA VENTA AL INFINITO,SANTILLANA,5,245,CARLOS BOSCH GIRAL,
LEER PARA CRECER ,MISION LECTURA,1,123007,HERMANN HESSE,
MECANICA MANUAL DE PRACTICAS,LABESSA,1,840025,EL LABORATORIO ESCOLAR S.A. DE C.V.,
DRINK UP,CAMBRIDGE UNIVERSITY PRES,2,9.78111E+12,KAREN HOLMES,
SAVED,CAMBRIDGE,2,9.78111E+12,SIMON  BEAVER,
COMO LEER Y ESCRIBIR POESIA,OCEANO,1,9.78971E+12,HUGO HIRIART,
CRONICAS ALGEBRAICAS,SANTILLANA,5,9.7897E+12,CONCEPCION RUIZ,
LIGAS MAYORES Y OTRAS OBRAS,INSTITUTO MUNICIPAL DE CULTURA CULIACAN,1,9.78607E+12,CUTBERTO LOPEZ,
LA PALOMA DE RUDSAY MANOR,CALOMINO CALLE 49-N.660 LA PLATA,1,860361,M. DELLY,
EL CANILLITAS,CONSEJO NACIONAL PARALA CULURA Y LAS ARTES,1,9.78968E+12,ARTEMIO DE VALLE,
DOCUMENTO PRELIMINAR,SEP,1,8.00112E+13,ESTEBAN MANTECA,
PANORAMICA SOCIO ECONOMICA,SEP,1,86090,MELVIN DEWEY,
EN CADA ESQUINA SE ADIVINA EL MAR,TIERRA ADENTRO,1,9.7897E+12,LUIS ENRRIQUE DEL ANGEL,
TECNOLOGIA TELESECUNDARIAS ,SEP,1,8.00112E+13,REFORMA DE LA EDUCACIOJN SECUNDARIA,
ZARCO Y LA LIBERTAD DE EXPRECION,CFE,13,9.78607E+12,MIGUEL ANGEL GRANADOS CHAPA,
GUERRA DEL TIEMPO EL ACOSO Y RELATOS,SIGLO VENTIUNO,1,9.78968E+12,ALEJO CARPENTIER,
ECCOLOGIAANIMAL,BIBLIOTECA PUBLICA MUNICIPAL  504,1,86029,CHARLES ELTON,
LEER PARA CRECER ,MISION LECTURA,2,123004,H. G. WELLS,
LAS CIVILIZACIONES DEL MEDITERRANEO,SANTILLANA,1,9.7897E+12,DANIELA LUISELLI,
VIVIR EN SICIEDAD,SANTILLANA,1,30184,OLAFF RICO GALEANA,
ELUNIVERSO DE LA QUIMICA,SANTILLANA,4,9.7897E+12,HORACIO GARICA,
DESCUBRIR VOLUMEN 15,SEP,1,344818,JOSE LUIS SANCHEZ,
DICCIONARIO DE MEXICO,SEP,1,9.78971E+12,JUAN PALOMAR DE MIGUEL,
ARDIENTE PACIENCIA,SOL 90,1,801,ANTONIO SKARMETA,
CORNUCOPIA DE MEXICO Y NUEVA CORNUCOPIA MEXICANA,CFE,1,860522,GERARDO DIEGO,
READER´S BOOK,EDEBE,2,9.78608E+12,MARIA DEL ROCIO VARGAS,
DESAFIO ECOLOGICO 10,SEP,2,74831225,SEP,
UNA INTRODUCCION A LA  ARQUITECTURA,SANTILLANA,4,60,MONICA BOLTON,
JUAN PEREZ JOLOTE,FONDO DE CULTURA ECONOMICA,1,9.78971E+12,RICARDO POZAS,
LA REVOLUCION DE INDEPENDENCIA,CFE,13,8603552,LUIS VILLORO,
POR AMOR A LA FISICA,SEP,1,9.78608E+12,WALTER LEWIN,
WERTHER,OCEANO,1,9.78845E+12,ALEX  BROCH,
DICCIONARIO DE USOS Y DUDAS DEL ESPAÑOL ACTUAL,SEP,1,9.7897E+12,JOSE MARTINEZ DE SOUSA,
DICCIONARIO ENCICLOPEDICO MILLENIUM TOM 12,ESPASA,1,6,JORGE HERNADEZ ALIQUEZ,
PLAN Y PROGRAMAS DE ESTUDIO,SEP,1,36595394,SECRETRIA DE EDUCACION PUBLICA,
ANTOLOGIA POLICIACA,SEP,1,9.78608E+12,RAFAEL BERNAL,
LA BIBLIOTECA MAGICA DE BIBBI BOKKEN,COLOFON,1,9.78607E+12,JOSTEIN GAARDER KLAUS HAGERUP,
RELATOS CON MUSICA Y CHOCOLATE,EL TIEMPO VUELA,1,30169,IRENE VAZQUEZ VALLE,
CASA VACIA,LUNARENA,1,45,ALEJANDRO MENESES,
AQUEL SIGLO TAN NOVELESCO,EL TIEMPO VUELA,1,30397,GUILLERMO  PRIETO,
LA FAMILIA BURRON,EDITORIAL PORRUA,2,9.78968E+12,GABRIEL VARGAS,
LA MAÑADA DEVE SEGIR GRIS,EDICIONES CAL Y ARENA,1,9.78968E+12,SILVIA MOLINA,
APUNTES Y CRESTOMATIAS DE ANOTOMIA HUMANA,INSTITUTO POLITECNICO NACIONAL,1,86039,LUIS RAMON LUJA ALVARO,
CIRCO POETICO,SM,2,9.78968E+12,RODOLFO FONSECA,
RELACION ENTRE MATERIA Y ENERGIA,SANTILLANA,3,31,ANTONIA MARTIN,
COMPUTACION Y TECCNOLOGIA TOMO 14,CULTURA,1,30235,MARIA LUISA MENDEZ,
NUEVA HISTORIA MINIMA DE MEXICO,CM,1,314,PABLO ESCALENTE GONZALBO,
MEXICO UN PUEBLO EN LA HISTORIA,ALIANZA EDITORIAL MEXICANA,1,30984,ENRIQUE SEMO,
MEXICO ENVUELTO EN MARES,SANTILLANA,2,301582,LUCI CRUZ WILSON,
EDUCADORES POPULARES,BIBLIOTECA CENTENARIA,1,9.78608E+12,PAULO FREIRE,
LIBERTAD,AGUILAR,1,9.78971E+12,JUAN MARIA ALPONTE,
TALLAR EN NUBES,EDITORIAL ALDVS,3,9.78968E+12,JOSE MARTI,
17 NARRADORES LATINOAMERICANAS,CIDCLI,2,9.7897E+12,CECILIA ABSATZ,
JUSTICIA,SEP,1,9.78971E+12,SAMUEL SCHMIDT,
MATEMATICAS Y ECONOMIA,JUNTOS AVANZAMOS,1,1147,ARTURO MONTIEL ROJAS,
MATERIA,FERNANDEZ EDITORES,1,9.7897E+12,CHRISTOPHER COOPER,
ORILLAS DEL ESPAÑOL,SANTILLANA,7,178,FRANCISCO SEGOVIA,
JUAREZ EL REPUBLICANO,CM,2,216,JOSEFINA ZORAIDA VAZQUEZ,
MATERIA,FERNANDEZ EDITORES,1,9.7897E+12,CHRISTOPHER COOPER,
DICCIONARIO DE MEXICO,TRILLAS,1,9.78971E+12,JUAN PALOMAR DE MIGUEL,
ONE WAY TICHET,OXFORD,4,9.7897E+12,JENNIFER BASSETT,
LOS CONTINENTES,SANTILLANA,6,27,ESTRELLA BURGOS RUIZ,
DICCIONARIO INCOMPLETO DE BIOETICA,TAURUS,2,9.78968E+12,ARNOLDO KRAUS,
LOSCUATRO ELEMENTOS,SANTILLANA,5,280,JOSE ANTONIO,
COMEDIAS VOL 1,EDICION CONMEMORATIVA DEL CUARTO ENRENARIO,3,9.7885E+12,MIGUEL DE CERVATEZ,
ALBUM DE FAMILIA,PLANETA,1,9.7897E+12,ROSARIO CASTELLANOS,
"LOGROS, INEQUIDADES Y RETOS DEL FUTURO DEL SISTEMA EDUCATIVO MEXICANO",JOSE DUARTE,1,860388,JUAN PRAWDA,
TU Y TODOS,SANTILLANA,3,182,NURIA GOMEZ BENET,
MARTIN LUTHER KING JR.,SEP,2,9.78971E+12,AMY PASTAN,
CIENCIA O CIENCIA FICCION,SANTILLANA,2,1,VICENTE TALANQUER,
DICCIONARIO ILUSTRADO DE LA LENGUA ESPAÑOLA,LAUROUSSE,1,9.78971E+12,MELVIN DEWY,
LA ALTA EDAD MEDIA Y EL ISLAM,SEP,1,9.7885E+12,DEWEY,
DANZAS DE LA NOCHE,SEP,1,9.78608E+12,ISAAC ESAU CARRILLO CAN,
EL HOMBRE QUE  CALCULABA,NORIEGA EDITORES,1,9.7897E+12,MALBA TAHAN,
TRAVESURAS,SEP,1,51011,GRAHAM CHARLTON,
HISTORIA DEL ARTE TOMO 5,ESPASA,4,30311,MARISOL PALES,
NOVELAS EJEMPLARES VOL IV,EDICION CONMEMORATIVA DEL  IV  CENTENARIO,3,9.7885E+12,MIGUEL DE CERVANTEZ,
EL FUEGO VERDE,SM,1,9.7897E+12,VERONICA MURGUIA,
EQUIDAD DE GENERO Y PREVENCION DE LA VIOLENCIA,SEP,2,9.78608E+12,ALONSO LUJAMBIO,
DA KEBE HNO SEKE GON BEN XI NE,SEP,1,9.78971E+12,JAVIER CASTELLANOS,
FUENTES LOS DIAS ENMASCARADOS,ERA,1,9.7897E+12,CARLOS,
LOS INSURGENTES APODADOS,SEP,2,9.78607E+12,ELIAS AMADOR,
COMO HICIERON ESAS MAQUINAS,EL TIEMPO VUELA,1,30396,LEONOR LUDLOW,
AMBIENTE Y PESQUERIA DE PELAGICOS MENORES EN EL NOROESTE DE MEXICO,INSTITUTO POLITECNICO NACIONAL,1,86032,CASIMIRO QUIÑONES VELAZQUEZ,
MEDALLISTAS OLIMPICOS MEXICANOS,SEP,1,80198,VICENTE FOX,
DE LA MAQUINA DE VAPOR,SEP,1,9.78968E+12,LEOPOLDO GARCIA,
MUSICA PARA TODOS 50 CANCIONES MEXICANAS,TRILLAS,1,7009,FERNANDO LOZANO RODRIGUEZ,
VIAJE AL FUTURO,VICENS VIVES,1,9.78608E+12,ENRIQUE ALBERTO BRECCIA,
LA TIENDA DE PALABRAS,SEP,5,9.78968E+12,JESUS MARCHAMALO,
CIENCIA FICCION,ALFAGUARA,2,9.7897E+12,RICARDO BERNAL,
MATEN AL LEON,JOAQUIN MORTIZ,1,9.78968E+12,JORGE IBARGUENGOITIA,
APUNTES DE LIMADORA,INSTITUTO POLITECNICO NACIONAL,1,86072,CEPILLO DE CODO,
SOBRE HEROES Y TUMBAS,SOL 90,2,3073,ERNESTO SABATO,
DEADLY,CAMBRIDGE,1,9.78111E+12,KENNA BOURKE,
DESCUBRIR VOLUMEN 4,SEP,1,925850,JOSE LUIS SANCHEZ,
NUMEROS ENTEROS 2,TRILLAS,2,9.78968E+12,FEDERICO GALVAN ANAYA,
DESCUBRIR VOLUMEN 8,SEP,1,426597,JOSE LUIS SANCHEZ,
ESCULTURA ECUESTRE DE MEXICO,SEP,9,9.78971E+12,DR.REYES S. TAMEZ GUERRA,
AMERICA PRECOLOMBINA,SEP,1,9.7885E+12,MELVIN,
LA CELESTINA,LOSADA OCEANO,2,9.78845E+12,FERNANDO DE ROJAS,
"HISTORIA, ARTE, CIEENCIA Y ESTRUCTURA POLITICA DE MEXICO",ENCICLOPEDIA TEMATICA UNIVERSAL,1,545518,TOMAS DE REY,
CORTAR Y PEGAR,SIGLO VEINTIUNO,3,9.78608E+12,PABLO ARGYBAY,
DIVINA COMEDIA,AUSTRAL,2,9.78968E+12,ANGEL CHICLANA,
READER 1,MACMILLAN,1,9.78607E+12,YVONE MARUNEAK,
ELECTRONICA,FERNANDEZ EDITORES,3,9.7897E+12,FERNANDEZ EDITORES,
ASUNTOS DE MUCGO PESO,SERPENTINA,1,9.78968E+12,MARHA KAUFER HORWITZ,
CONTRA LA VIOLENCIA HACIA LAS MUJERES,FERNANDEZ,1,9.78607E+12,VALERIA CONVERTI BINA,
LA PANZA DEL TEPOXTECO,ALFAGUARA,2,9.78971E+12,JOSE AGUSTIN,
CORTAR Y PEGAR,SIGLO VEINTIUNO,3,9.78608E+12,PABLO ARGYBAY,
DESCUBRIR VOLUMEN 12,SEP,1,634678,JOSE LUIS SANCHEZ,
ESCUELA DE ROBINSONES,ORBIS,1,86010,JULIO VERDE,
"LOGROS, INEQUIDADES Y RETOS DEL FUTURO DEL SISTEMA EDUCATIVO MEXICANO",JOSE DUARTE,1,860388,JUAN PRAWDA,
TENIENTE CORONEL,LIBROS DEL RINCON,1,9.78968E+12,OSIEL RENOVATO,
TRENES,SEP,1,93032,JONN COILEY,
"SONIDO, LUZ Y OTRAS ONDAS",SANTILLANA,4,133,HECTOR DOMINGUEZ,
CUENTO MEXICANO MODERNO,SEP,10,9.78971E+12,RUSSELL CLUFF,
PROTESIS FIJA I,CONALEP,2,985727,COLEGIO NACIONAL DE EDUCACION PROFECIONAL TECNICA,
LA CINDICALISACION EN LAS MAQUILADORAS TIJUANENSES,CONACUAR (CONSEJO NACIONAL PAR LA LECTURA Y LAS ARTES,1,86023,CIRILA QUINTERO RAMIREZ,
TEMA Y VARIACIONES DE LITERATURA 3,UNIVERSIDAD AUTONOMA METROPOLITANA,1,860164,ANTONIO MARQUET,
A CHISTMAS CAROL,MACMILLAN READERS,1,9.78607E+12,CHARLES DIKENS,
EL BESO  VIRTUAL,ADN EDITORES,1,9.78969E+12,JUAN TONDA MASON,
LA NACION QUE CONSTRUIMOS,SANTILLANA,5,173,ALEJANDRO REYES JUAREZ,
LA ZOZOBRA,EDICIONES SM,2,9.78968E+12,NURIA GOMEZ BENET,
EL MUNDO GRIEGO,SEP,1,9.7885E+12,MELVIN,
BENEFICIOS DE LA NATURLEZA,SANTILLANA,1,9.7897E+12,JORGE SOBERON,
"TOMO 1, A-ASH",GRAN ENCICLOPEDIA VISUAL,2,9.7885E+12,A-ASH,
LOS INSURGENTES APODADOS,SEP,2,9.78607E+12,ELIAS AMADOR,
BAJATE DE NUVE ELECTRONICA,ADN EDITORES,1,9.78969E+12,PLINIO SOSA FERNANDEZ,
SOBRE HEROES Y TUMBAS,SOL 90,2,3073,ERNESTO SABATO,
CLAVES DIDACTICAS PARA RENOVAR ENSEÑANSA,AXOLOTL,1,9.78608E+12,MONICA CORONA,
AMORES DE SEGUNDA MANO,CAL Y ARENA,1,9.78968E+12,ENRIQUE SERNA,
LABORATORIO DE BIOLOGIA MANUAL DE PRACTICAS PRIMER GRADO,FERNANDEZ EDITORES,1,7.50999E+12,MARGARITA BELTRAN,
MATERIA,FERNANDEZ EDITORES,1,9.7897E+12,CHRISTOPHER COOPER,
BRAINMATICS,MARIN,2,9.78608E+12,IVAN MOSCOVICH,
SISTEMAS DE NUMERACION PARA LOS NUMEROS RACIONALES,TRILLAS,1,9.78968E+12,TRILLAS,
GEOMETRIA Y EL MUNDO,SANTILLANA,7,95,JOSE ANTONIO,
EL LIBRO DE LOS DESATRES,ERA,1,86027,FERNANDO BENITEZ,
SOBRE HEROES Y TUMBAS,SOL 90,2,3073,ERNESTO SABATO,
CUENTOS MEXICANOS,ANDRES BELLO,1,9.7897E+12,POLI  DELANO,
COMEDIAS VOL II,EDICION CONMEMORATIVA DEL  IV  CENTENARIO,3,9.7885E+12,MIGUEL DE CERVANTEZ,
MATERIA,FERNANDEZ EDITORES,1,9.7897E+12,CHRISTOPHER COOPER,
EL MANUAL DEL USUARIO DE TU CUERPO,SEP,1,7.51E+12,MELVIN DEWEY,
ATLAS DE ASTRONOMIA,PARRAMON,1,9.78968E+12,MELVIN DEWEY,
EDAD MEDIA EN EUROPA,SANTILLANA,7,160,JORGE FRIAS,
DIBUJAR YPINTAR PERSONAJES DE FANTASÍA,SEP,1,9.78968E+12,FINLAY COWAN,
PASOS Y ESTREMESES,ANAYA,2,9.7897E+12,LOPE DE RUEDA,
EL ORIGEN DE LA VISTA,"EDITORIAL EPOCA, S.A. DE C.V.",1,9.78971E+12,A. PARIN,
MIRADA Y MEMORIA,OCEANO,1,9.78971E+12,PABLO ORTIZ MONASTERIO,
EL RENOVADOR INVOLUNTARIO,PANGEA,1,9.78969E+12,NICOLAS COPERNICO,
DICCIONARIO DEL ESPAÑOL USUAL EN MEXICO,SEP,1,9.7897E+12,LUIS FERNANDO LARA,
MITOLOGIA AMERICNA,COLOFON,1,9.78608E+12,SAMUEL FEIJOO,
CHARRERIA,ARTES DE MEXICO,2,9.78971E+12,MELVIN DEWEY,
LA SABIDURIA D LOS ARBOLES,MARIN,1,9.78968E+12,FRED HAGENEDER,
EMIGRANTES,OCEANO,1,9.78968E+12,SHAUN TAN,
LAS METAMORFOSIS DEL ESPAÑOL,SANTILLANA,7,175,ALBERTO VITAL,
DR JEKYLLYMR HYDE,SEP,1,9.78968E+12,ROBERT LOUIS,
QUIMICA IMAGINADA REFLEXIONES SOBRE LA CIENCIA,CFE,2,9.78971E+12,VIVIAN TORRENCE,
A JUGAR CON LAS MATEMATICAS,SEP,1,9.78608E+12,LAWRENS POTTERS,
QUE HACER CON LA BASURA,CONAFE,1,30334,CONAFE,
AVENTURAS DE ROBINSON CRUSOE,PORRUA,2,9.7897E+12,SALVADOR REYES NEVARES,
LA ALTA EDAD MEDIA Y EL ISLAM,SEP,1,9.7885E+12,MELVIN,
TERCERA CERIE DE 400 PEQUEÑAS,UNIVERSIDAD NACIONAL AUTONOMA DE MEXICO,2,9.78608E+12,RENE DRUCKER COLIN,
LAS AVENTURAS DE LOS JOVENES DIOSES,SIGLO XXI EDITORES,1,9.7897E+12,EDUARDO GALIANO,
HISTORIA REGIONAL DE LA REVOLUCION MEXICANA,CONSEJO NACIONAL PARA LA CULTURA Y LAS  ARTES,1,9.78968E+12,MARK BENJAMIN,
AMUNSEDN EL PRIMERO EN EL POLO SUR,LA VASIJA,1,9.79971E+12,ENID BRODERICK,
USTED Y LA MICROCOMPUTADORA,SEP,1,860347,MICHELL WAITE,
EDUCACION Y MARXISMO LATINOAMERICANO,ELE,1,9.78608E+12,FABIAN CABALUZ,
CALCIO,OCEANO,2,9.78968E+12,DANIELA LOPEZ,
WALT WHITMAN,ALIVS,1,9.7897E+12,CARLOS MONTEMAYOR,
ATLAS DEL MUNDO,SEP,1,9.78968E+12,PETERS,
LA SALA DE LA LECTURA DE LA  ESCUELA SECUNDARIA,SEP,1,86025,SEP,
MICROBIOS EL UNIVERSO INVISIBLE,EDITORIAL TERRACOTA,1,9.78607E+12,MARIA ISABEL SALAZAR,
NATURALEZA  HUMANA,SANTILLANA,5,318,ELIZABETH CARBAJAL HUERTA,
LOS SEÑORES DE LAS PLANTAS,PANGEA,2,30342,XAVIER LOZOYA,
FICHERO DE ACTIVIDADES DIDACTICAS MATEMATICAS,SEP,1,1.00112E+13,HUGO BALBUENA CORO,
DIEGO RIVERA Y LOS MURALES DE LA SECRETARIA DE EDUCACION  PIBLICA,SEP,1,9.79971E+12,DIEGO RIVERA,
LA CASA QUIMICA,ADN EDICIONES,1,9.7897E+12,JOSE ANTONIO,
DESCUBRIR VOLUMEN 14,SEP,1,941291,JOSE LUIS SANCHEZ,
BIOTECNOLOGIA: LA LAMPARA DE ALADINO,ADN EDITORES,2,9.78969E+12,ORACIO GARCIA FERNANDEZ,
FLYING COLORS1,RICHMOND,1,9.78607E+12,LENORE COHEN,
MATEMATICAS Y LA VIDA COTIDIANA,SANTILLANA,5,92,JOSE ANTONIO DE LA PEÑA,
EL ESTADO Y EL MODELO DE TELEVISÍON ADOPTADO EN MEXICO 1950-1988,UNIVERSIDAD AUTONOMA METROPOLITANA,1,860278,ANTONIO E.ZARUR OSORIO,
COMO FUNCIONAN LAS COSAS,EURO MEXICO,1,9.78971E+12,MELVIN DEWEY,
JOSE JOAUIN FERNANDEZ DE LIZARDI,CAL Y ARENA,1,9.78968E+12,MARIA ROSA PALAZON MAYORAL,
VOLVER A BOSNIA,ELVEREST,1,9.78971E+12,JUAN CRUZ IGUERABIDE,
LOS MISERABLES,EDITORES MEXICANOS UNIDOS,1,9.78607E+12,VICTOR HUGO,
CHIAPAS CRONICA DE UNA NEGOCIACON,RAULA YUE,1,860524,MARCO  ANTONIO BERNAL GUTIERREZ,
DIBUJAR Y PINTAR PERSONAJES DE FANTASIA,NORMA,1,9.78968E+12,FINLAY COWAN,
ALIENS,CAMBRIDGE,2,9.78111E+12,GENEIVE KOCIENDA,
LA MULTPLICACION DE LOS PECES,SEP,1,860378,JOSE REVUELTAS,
EL INGENIOSO HIDALGO DON QUIJOTE DE LA MANCHA,OBRAS COMPLETAS,3,9.7885E+12,MIGUEL DE CERVANTES SAAVEDRA,
LA VIDA DEL BUSCON DON PABLOS,PORRUA,1,9.78607E+12,FRANSISCO DE QUEVEDO,
JOSE JOAQUIN FERNANDEZ DE LIZARDI,EDICIONES CAL Y ARENA,1,9.78969E+12,MARIA ROSA  PALASON MAYORAL,
EL GOLEM,LECTOURM,1,9.78971E+12,GUILLERMO SAMPERIO,
CUENTOS DE HOFFMANN,ANAYA,1,560575,JAVIER SERRANO,
CUENTOS DE LA MONTAÑA DE GUERRERO,PLURALIA,3,9.78971E+12,ELISA RAMIREZ CASTAÑEDA,
EL VUELO DE LA UTOPIA,UAM IZTAPALAPA,1,16152210,PEDRO CASTRO,
ESTUDIOS SOBRE EL SECTOR EXTERNO MEXICANO,UAM,1,126,EDUARDO GITLI,
LOS MAYAS Y SUS RAICES DE AGUA,NOSTRA,1,9.78608E+12,MARIA LUISA GONGORA PACHECO,
OUR GREEN FUTURE,SEP,1,9.78111E+12,DIANE NAUGHTON,
LAS DESOBEDIENTES MUJERES DE NUESTRA AMERICA,AMAZONAS PANAMERICANA,1,9.78971E+12,BETTY OSORIO,
VICENT VAN GOGH,S.A DE C.V,1,9.78968E+12,THOMAS DAVID,
"RECOPILACION, ORGANIZACION E INTERPRETACION DE DATOS",TRILLAS,1,837300,TRILLAS,
ANTIPOESIA,RESISTENCIA,1,860214,MANUEL RUIZ ALSINA,
MATERIA,FERNANDEZ EDITORES,1,9.7897E+12,CHRISTOPHER COOPER,
DESCUBRIR VOLUMEN 10,SEP,1,850950,JOSE LUIS SANCHEZ,
"GESTIONAR DESDE LAS DIVERSIDADES EN AULAS , INSTITUCIONES Y TERRITORIOS",SEP,1,9.78608E+12,SANDRA SANCHEZ,
LA METAMORFOSIS,SOL 90,1,809,FRANZ KAFKA,
LA TIA JULIA Y  EL ESCRIBIDOR,ALFA GUARA,2,9.78971E+12,MARIO BARGAS LLOSA,
CIRCO POETICO,SM,2,9.78968E+12,RODOLFO FONSECA,
EL CUENTO HISPANOAMERICANO,SEP,1,86013,MELVIN DEWEY,
EL PERDEDOR ILUMINADO,PANGEA,1,86031,IGNAZ P. SEMMELWEIS,
VIAJE AL CENTRO DE LA TIERRA,PORRUA,1,9.7897E+12,JULIO VERDE,
BREVE HISTORIA DE LA GUERRA CON LODS ESTADOS UNIDOS,FONDO DE CULTURA ECONOMIICA,16,9.78607E+12,JOSE VALADES,
DANZAS DE LAS NOCHE,SEP,1,9.78608E+12,ISSACC ESAU,
EL IMPERIO ESPAÑOL EN AMERICA,CONACUAR ,1,9.78968E+12,C.H. HARING,
MATERIA,FERNANDEZ EDITORES,1,9.7897E+12,CHRISTOPHER COOPER,
CIRCO POETICO,SM,1,9.78971E+12,RODOLFO FONSECA,
ENCICLOPEDIA MUNDIAL DEL DEPORTE TOMO 4,SEP,4,2,DANIEL WIRZ,
"TOMO 2, ASI-CAM",GRAN ENCICLOPEDIA VISUAL,1,9.7885E+12,ASI-CAM,
DE CLARO EN CLARO...,EDUCACION Y CULTURA,1,9.78971E+12,LUIS VICENTE,
CONQUISTADORES EN EL NUEVO MUNDO,TRAGALUZ,1,93035,GRASSA TORO,
DESDE  MI MEDULA,SEP,1,9.78607E+12,MIKEAS SANCHEZ,
EL VIEJO Y EL MAR,SEP,1,9.78968E+12,ERNEST HEMINGWAY,
ENCHUFATE A LA ENERGIA,EDICIONES SM,2,9.78971E+12,IGNACIO FERNNDEZ,
MEXICO EN CIFRAS,HECHOS CONFIABLES,1,9.78971E+12,SERGIO AGUAYO QUEZADA,
MEXICO UN PUEBLO EN LA HISTORIA 2,ALIANZA EDITORIAL MEXICANA,1,30972,ENRIQUE SEMO,
MEXICO UN PUEBLO EN LA HISTORIA,ALIANZAEDITORIAL MEXICANA,1,30996,ENRIQUE SEMO,
DEL ATOMO AL INFINITO,ONIRO,1,9.78607E+12,MARY Y JOHN GRIBBIN,
ARTE LA GUIA VISUAL DEFINITIVA,SEP,1,4305,ANDREW GRAHAM,
EL PENSAMIENTO AUSTRIACO EN EL EXILIO,UNIVERSIDAD AUTONOMA METROPOLITANA,1,86037,RAFAEL FARFAN HERNANDEZ,
THE CANTERVILLE GHOST,MACMILLAN,1,9.7897E+12,OSCAR WILDE,
ARTICULO 3 CONSTITUCIONAL Y LEY GENERAL DE EDUCACION,SEP,1,86056,PEDRO HIRIART,
MATERIA,FERNANDEZ EDITORES,1,9.7897E+12,CHRISTOPHER COOPER,
COSA FACIL,PLANETA,1,9.78971E+12,PACO IGNACIO TAIBO,
EL BARON RAMPANTE,SIRUELA,2,9.7897E+12,ITALO CALVINO,
EVALUCAION PARA EL APRENDIZAJE,TRILLAS,1,9.78608E+12,BLANCA SILVA LOPEZ,
LAROUSSE TOMO 7,SEP,20,3019,RAMON GARCIA,
THE HOUND OF THE BASKKERVILLES,MACMILLAN,2,9.78971E+12,SIR ARTHUR CONAN DOYLE,
EL DEVELADOR DE LAS INCOGNITAS,PANGEA,1,9.78969E+12,FRANCISCO NOREÑA,
"TOMO 12, TOL-ZWO",GRAN ENCICLOPEDIA VISUAL,2,9.7885E+12,TOL-ZWO,
VALORES CONTRA EL BULLYNG,SEP,1,2.16E+11,ARLETTE LOPEZ TRUJILLO,
LITERATURA HABLADA,EDICIONES CASTILLO,2,9.78968E+12,JUAN DOMINGO ARGUELLES,
EL ALQUIMISTA ERRANTE,SEP,1,971873289,HORACIO GARCIA,
INVENTOS DE U SIGLO QUE CAMBIARON EL MUNDO,OCEANO,2,9.78968E+12,STEPHEN VAN DULKEN,
JOHANN GREGOR MENDEL LA BIOGRAFIA,SINTESA SISTEMAS TECNOLOGICOS DE EDICION,2,9.78607E+12,ROSARIO RODRIGEZ ARNAIZ,
PREHISTORI Y CIVILIZACIONES,SEP,1,9.7885E+12,MARCO TULIO,
NUESTRA MADRE YURIENAKA,SEP,1,9.78607E+12,GABRIEL  PACHECO SALVADOR,
GUIA DE PROGRAMACION,SEP,1,52213,SEP,
SALINAS Y SU IMPERIO,OCEANO,1,9.78971E+12,JULIO SCHERER GARCIA,
DESTELLOS FOTOGRAFICOS EN MEXICO,SANTILLANA,4,56,REBECA MONROY NARS,
EL AUGE DE LAS CULTURAS ORIENTALES,SEP,1,9.7885E+12,MELVIN,
LA QUIMICA EN EL ARTE,ADM,1,9.78607E+12,"HORACIO GARCIA, LENA GARCIA",
LA VIDA COTIDIAN EN LA AMERICA ESPAÑOLA EN LOS TIEMPOS DE FELIPE II,FONDO DE CULTURA ECONOMICA,1,86014,GEORGES BAUDOT,
MAGNETISMO EN GEOLOGIA Y PROSPECCION MAGNETICA TERRESTRE,INSTITUTO POLITECNICO NACIONAL,1,132215,PIERRE LASFARGUES,
MATERIA,FERNANDEZ EDITORES,1,9.7897E+12,CHRISTOPHER COOPER,
CARTAS PROBABLES PARA HANN,NORMA,2,9.78971E+12,ALBERT EINSTEIN,
LAS COSMICAS,PLANETA,1,9.78968E+12,ITALO CALVINO,
"LEE, PIENSA ,  DECIDE Y APRENDE",SEP,1,9.78608E+12,ALONSO LUJAMBIO,
JUAREZ EL REPIBLICANO,SEP,15,216,JOSEFINA ZORAIDA VAZQUEZ,
TEORIA DEL CAMPO ELECTROMAGNETICO,IPN,1,9.78968E+12,GARCIA TALAVERA,
EL LIBRO DE LOS ABRAZOS,SIGLO XXI (21),1,9.78968E+12,EDUARDO GALEANO,
DESCUBRIR VOLUMEN 6,SEP,1,629891,JOSE LUIS SANCHEZ,
LA HISTORIA DE LA  MUSICA ,MANON,2,9.78968E+12,JOSE MARIA PINTO,
MATEMATICOS QUE CAMBIARON AL MUNDO,TEJAMAR EDITORES,2,9.78608E+12,DOUGLAS JIMENES,
HISTORIAS EN LA TIERRA,RUZ,2,9.78971E+12,JUAN MARIA,
INGENIO RETOS DE AGODEZA MENTAL,EL ALEPH EDITORES OCEANO,1,9.78971E+12,ANGELS  NAVARRO,
TORMENTO,SIGLO XXI,2,9.78968E+12,BENITO PEREZ,
TEOTIHUACAN LA METROPOLI DE LOS DIOSES,AVENTURA HUMANA,1,924427,EDUARDO MATOS,
LA GEOMETRIA EN EL DEPORTE,SANTILLANA,7,94,CARLOS HERNANDEZ GARCIADIEGO,
CONSTITUCION POLITICA DE LOS ESTADOS UNIDOS MEXICANOS,ESFINGE,1,860408,VICENTE GUERRERO,
LA EXPLORACION  DEL ESPACIO,SANTILLANA,2,84,RODOLFO NERI VELA,
GILGAMESH,SEP,3,9.78968E+12,MELVIN DEWEY,
EDUCADORES POPULARES,ELE,1,9.78608E+12,LOLA CENDALES,
GOYA,OCEANO,1,9.78971E+12,MARIAROSA SCHIAFFINO,
LA MANZANA DE EINSTEIN,ADN EDICIONES,1,9.78971E+12,FRANCISCO NOREÑA,
ATENCION PRIMARIA A LA SALUD,CONALEP,1,86043,LAZARO CARDENAS,
LA GUERRA FRIA Y LA GLOBALIZACION,AGENCIA PROMOTORA DE REBISTAS Y PERIODICOS,1,9.7885E+12,EDITORIAL SOL90,
EVOLUCION,FERNANDEZ,1,9.7897E+12,ANGLIAS CLAUDINA,
EL CONSTITUCIONALISMO EN MICHOACAN,CONCEJO NACIONAL PARA LA CULTURA Y LAS ARTES,1,9.78968E+12,VERONICA OIKION SOLANO,
LOS NADIE HISTORIAS DE VIOLENCIA EN VOZ DE LOS JOVENES,GRIJALBO,1,9.78608E+12,ALE DEL CASTILLO,
FUERZA Y MOVIMIENTO,FERNANDEZ,1,9.7897E+12,HIMALAYO BAHN,
POR UNA PEDAGOGIA DE LA PREGUNTA,SIGLO VENTIUNO,1,9.78608E+12,PAULO  FREIRE,
PROYECTO CARTELE,TRILCE EDICIONES,1,9.78971E+12,GASTON SILVERMAN,
FAUSTO,SOL 90,1,806,GOETHE,
BEATS,PRINCETOWN,1,9.78608E+12,SALLY MARSHALL,
ANIMALES DEL NUEVO MUNDO,ANDRE FUENTES SIVA,1,9.78968E+12,MIGUEL LEON PORTILLA,
EL OLVIDADO MONJE DEL HUERTO GREGOR MENDEL,PANGEA,1,860510,FABIO SALAMANCA,
TABLAS MATEMATICAS,ESFINGE,10,9.78971E+12,ARQUIMEDES CABALLERO C.,
LA RECETA Y EL PUNTO UN ROMACE MATEMATICO,LIBROS DELRINCON,1,9.78971E+12,NOTON JUSTER,
HISTORIA PARA GIRAR,PORTATILES,1,9.78971E+12,PATRICIA LOPEZ ZEPEDA,
CORNUCOPIA DE MEXICO Y NUEVA CORNUCOPIA MEXICANA,CFE,1,860522,GERARDO DIEGO,
LA DAMA DE LA CAMELIAS,SIGLO XXI (21),1,9.78968E+12,ALEXANDRE DUMAS,
EDUSAT,SEP,1,52213,HORACIO,
CANCIONES DE AMOR Y DUDAS,SM,1,560496,JOSE MARIA PLAZA,
LAS TRANSFORMACIONES DEL SIGLO XIX,SANTILLANA,3,278,RICARDO GAMBOA RAMIREZ,
EL SABUESO DE LOS BASKERVILLE,"EDITORES MEXICANOS UNIDOS, S.A.",1,9.78968E+12,ARTHUR CONAN DOYLE,
TALES OF HORROR,MACMILLAN,3,9.7897E+12,BRAM STOKER,
"LACULTURA DE LA CRISIS, ",HORIZONTE,1,93059,ELBA ESTHER,
LA GRAMATICA ELECTRONICA,SANTILLANA,7,172,ALVERTO VITAL,
ENERGIA,CULTURALES INTERNACIONALES,1,5302,MITCHELL WILSON,
"INTOLERANCIAS TRES OBRAS DE TEATRO APACHES , EL DESEO MUJERES QUE BEBEN BODKA",JP,1,9.78971E+12,VICTOR HUGO RASCON BANDA,
LEER Y ESCRIBIR EN LA ESCUELA,CFE,1,3.0011E+13,DELIA LERNER,
EL MUNDO EN JUEGOS,OCEANO,2,9.78971E+12,ORIOL COMAS I COMA,
LIFE ONLINE,SEP,1,9.78111E+12,KATHRYN O DELL,
EDUCACION BASICA SECUNDARIA,SEP,1,36595394,GUNTHER GERZSO,
DESAFIO ECOLOGICO 8,SEP,1,74831223,SEP,
LA GUERRA FIA Y LA GLOBALIZACION,SEP,1,9.7885E+12,MELVIN,
"TOMO 4, CON-ERI",GRAN ENCICLOPEDIA VISUAL,2,9.7885E+12,CON-ERI,
LA INTELIGENCIA PEREGRINA,SEP,2,956871,FERNANDO SERRANO MIGALLON,
MEXICO UN PUEBLO EN LA HISTORIA 8,ALIANZA EDITORIAL  MEXICANA,1,3010188,ENRIQUE SEMO,
HISTORIA DE INDIAS,SEP,4,9.78968E+12,DIAZ VELEZ,
DESAFIO ECOLOGICO ,SEP,1,9.78607E+12,LIBROS DEL RINCON,
JUARES EL REPUBLICANO,EL COLEGIO DE MEXICO,6,594815,JOSEFINA ZORAIDA  VASQUEZ,
LIFE ON THE EDGE,CAMBRIDGE,2,9.78111E+12,BRIAN SARGENT,
LEER PARA CRECER ,MISION LECTORA,1,123005,EMILIA PARDO BAZAN,
EL LIBRO DE LA ECONOMIA,SEP,1,9.78608E+12,"KISHTAINY, NIALL",
DESAFIO ECOLOGICO ,SEP,1,9.78607E+12,LIBROS DEL RINCON,
TRAER A CUENTO,SANTILLANA,6,181,BEATRIZ ESPEJO,
NUMEROS Y SUS FACTORES,TRILLAS,1,9.78968E+12,MELVIN DEWEY,
LAS  CIVILIZACIONES DEL MEDITERRANEO,SANTILLANA,6,279,DANIELA  LUISELLI,
SIDDHARTHA,EL EDHASA OCEANO,1,9.78968E+12,HERMANN HESSE,
TEMAS AMBIENTALES DEL SIGLO XXI,LIBROS DEL RINCON,1,9.78968E+12,MARIA DE LOURDES,
BIOLOGIA 2,KAPELUSZ MEXICANA,1,30387,MARIA  AGUSTINA BATALLA ZEPEDA,
ECUACIONES DE PRIMER GRADO,SEP,1,12345,SEP,
QUIMICA INDUSTRIAL,SANTILLANA,1,337,JOSE  MARIA GARCIA SAIZ,
CORNUCOPIA DE MEXICO Y NUEVA CORNUCOPIA MEXICANA,CFE,1,860522,GERARDO DIEGO,
VISIONES MEXICANAS Y OTROS ESCRITOS,SEP,1,382,JOSE ALVARADO,
CIENCIAS Y TECNOLOGIA,PARRAGON,2,9.78607E+12,MELVIN DEWEY,
"ELLAS, VOCES, POEMAS",ARTES DE MEXICO,1,9.78971E+12,ARTES DE MEXICO,
SOLIDOS Y FLUIDOS,SANTILLANA,4,96,CARMEN TANGUEÑA,
HACIENDO FACIL LO DIFICIL,APP,8,203,DAVID SOLA,
CUENTOS POLICIACOS,EDAF,1,9.78971E+12,BALZAC HAWTHORNE,
MATEMATICAS Y DEPORTES,SANTILLANA,6,93,CARLOS HERNANDEZ GARCIADIEGO,
CAMBIA TU DESTINO,EMU,1,9.78607E+12,NORBERTO GARCIA,
NATURALEZA Y TECNOLOGIA,SANTILLANA,1,9.78968E+12,MELVIN DEWEY,
LAS ENSEÑANZAS DE DON JUAN,FONDO DE CULTURA ECONOMICA,1,86016,CARLOS CASTAÑEDA,
LA BONBA Y SUS HOMBRES,ADN EDITORES,3,9.78968E+12,ORACIO GARCIA FERNANDEZ,
THE OWL WHO DIDN´T GIVE A HOOT,LECTOURM,8,9.78971E+12,ROBERT FISHER,
DESCUBRIR VOLUMEN 5,SEP,1,680689,JOSE LUIS SANCHEZ,
FISICA DIVERTIDA,TERRACOTA,1,9.78608E+12,EDUARDO DE CAMPOS VALADARES,
DEL ATOMO AL INFINITO,SEP,1,9.78607E+12,MARY Y JOHN GRIBBIN,
TRES DIAS Y UN CENICERO,SUMA DE LETRAS S. A. DE .C.V.,1,9.78971E+12,JUAN JOSE ARREOLA,
PORTALES DESDE EL PUERTO,SEP,1,9.7897E+12,ANA GARCIA BERGUA,
BREVE DICCIONARIO TEMATICO,LINARENA,1,30136,JORGE OMAR CORTES VILLASEÑOR,
MATERIA,FERNANDEZ EDITORES,1,9.7897E+12,CHRISTOPHER COOPER,
HERNANO EN LA TIERRA,SEP,1,9.7897E+12,LUIS FERNANDO ENRIQUEZ,
"TOMO 11, SAN-TOL",GRAN ENCICLOPEDIA VISUAL,2,9.7885E+12,SAN-TOL,
QUIMICA INORGANICA,ASOCIACION NACIONAL DE UNIVERSIDADES E INSTITUTOS DE ENSEÑANZA SUPERIOR,1,650907,JACOBO GOMEZ LARA,
ABEL QUEZADA,ARTES DE MEXICO,2,9.78971E+12,ALBERTO RUY SANCHEZ,
GESTION HURBANA YCAMBBIO INSTITUCIONAL,SEP,1,179,ANTONIO AZUELA,
DESCUBRIR VOLUMMEN 11,SEP,1,439325,JOSE LUIS SANCHEZ,
BREVE HISTORIA DEL  FUTURO,MANON,1,9.78968E+12,JUANA BIGNOZZI,
DICCIONARIO ILUSTRADO DE LA LENGUA ESPAÑOLA,LAUROUSSE,1,9.78971E+12,MELVIN DEWY,
VENUS QUETZALCOATL Y LOS CINCO CUENTOS,MEXICANOS UNIDOS,1,9.78971E+12,EMILIO CARBALLIDO,
SOBRE HEROES Y TUMBAS,SOL 90,2,3073,ERNESTO SABATO,
"NO LO TIRES JUEGA, JUGUETES CON MATERIALES USADOS",DIDCO,1,9.78849E+12,ALBERT MARTINEZ,
LAS PEQUEÑAS MEMORIAS,ALFAGUARA,2,9.78968E+12,JOSE SARAMAGO,
AJUSTEMOS CUENTAS,SANTILLANA,4,9.78608E+12,MARILEE PETERS,
DESAFIO ECOLOGICO 4,SEP,1,74831222,SEP,
EL ARTE DEL TIEMPO MAYA,SEP,1,9.78608E+12,MELVIN DEWEY,
EDUCACION POPULAR,ELE,1,9.78608E+12,ALFONSO TORRES CARRILLO,
NUEVA BIBLIOTECA MEXICANA,UNAM,1,261,CARLO DE SIGUENZA Y GONGORA,
LOS DESIGNOS DE LA DIOSA,CONACULTA,1,152230,GUSTAVO RUIZ PASCACIO,
NOVELAS EJEMPLARES VOL IV,EDICION CONMEMORATIVA DEL  IV  CENTENARIO,3,9.7885E+12,MIGUEL DE CERVANTEZ,
CUMBRES BORRASCOSAS,SOL 90,2,804,EMILY BRONTE,
LOS DESIGNOS DE LA DIOSA,CONACULTA,1,152230,GUSTAVO RUIZ PASCACIO,
MARTIN LUTHER KING,EDITORES MEXICANOS UNIDOS,1,9.78607E+12,HECTOR RODRIGUEZMORALES,
LAS PROTEINAS,LIBROS DEL ESCARABJO,1,9.78971E+12,AGUSTIN LOPEZ,
ARRANCAME LA VIDA,BOOKET,1,9.78971E+12,ANGELES MASTRETTA,
GUIA PRACTICA DE CARPINTERIA,SEP,3,9.78971E+12,MELVIN DEWEY,
MEMORIA DEL FUEGO III EL SIGLO DEL VIENTO,SIGLO XXI EDITORES,1,8602,EDUARDO GALEANO,
DESCUBRIR VOLUMEN 16,SEP,1,898157,JOSE LUIS SANCHEZ,
CIUDAD DE MEXICO,SEP,1,93038,LEANDRO IZAGUIRRE,
CALCULO OPERACIONAL,SEP,1,5109,KONTOROVICH,
CUENTOS DE APRENDIZAJE,CANTARO,1,9.78607E+12,HEKER  DAL MASETTO,
LAS AVENTURAS DE TOM SAWYER,EDICIONES INTEGRA,1,9.78968E+12,MARK TWAIN,
DICCIONARIO DE SINONIMOS,SEP,1,9.78971E+12,LIBROS DEL RINCON,
A LA SOMBRA DE LA REVOLUCION MEXICANA,CAL Y ARENA,2,9.78969E+12,HECTOR AGUILAR CAMIN,
COMPUESTOS AISLADOS  DE PLANTAS CON ACTIVIDAD ANTIINFLAMATORIA E HIPOGLUCEMIANTE,INSTITUTO POLITECNICO NACIONAL,1,9.7897E+12,ROSA MARTHA PEREZ GUTIERREZ,
ESTAMPAS DE HISTORIA DE MEXICO,SEP,1,93042,RICARDO LOPEZ MENDEZ,
LITERATURA HABLADA,EDICIONES CASTILLO,2,9.78968E+12,JUAN DOMINGO ARGUELLES,
HISTORIA NATURAL,ARTES DE MEXICO,1,9.78968E+12,BENJAMIN PERET,
ANTIPOESIA,SEP,1,9.78971E+12,MANUEL RUIZ ALSINA,
MEXICO RECURSOS NATURALES,SANTILLANA,4,30,FEDRO CARLOS GUILLEN,
COMEDIAS VOL III,EDICION CONMEMORATIVA DEL  IV  CENTENARIO,3,9.7885E+12,MIGUEL DE CERVANTEZ,
EL BUEN CIUDADANO,SEP,1,8606,FRANCISCO BARRERA,
LOS TRABAJOS DE PERSILES Y SIGISMUDA,EDICION CONMEMORATIVA DEL IV CENTENARIO,3,9.7885E+12,MIGUELDE CREVANTES,
UNA MIRADA A LA CIENCIA,SEP,1,3.0011E+13,MELVIN DEWEY,
MANUAL SOBRE PROYECTO DE VIDA Y PERMANENCIA ESCOLAR,SEP,2,502212,ALMA DELFINA MARTINEZ,
LEER PARA CREER ,MISION LECTURA,1,123001,BENITO PEREZ GALDOS,
LAS AVENTURAS DE SHERLOCK HOLMES,EDITORIAL EVEREST,1,9.78971E+12,ARTHUR CONAN DOYLE,
READER´S BOOK,EDEBE,2,9.78608E+12,MARIA DEL ROCIO VARGAS,
LAS MATEMATICAS Y  SU APLICACION LA PERSPECTIVA DEL NIÑO,SIGLO XXI (21),2,9.78968E+12,TEREZINHA NUNES Y PETER BRYANT,
"LOGROS, INEQUIDADES Y RETOS DEL FUTURO DEL SISTEMA EDUCATIVO MEXICANO",JOSE DUARTE,1,860388,JUAN PRAWDA,
EL AUGE DE LAS CULTURA ORIENTALES,SEP,1,9.7885E+12,DEWEY,
EL CRATER DE CHICXULUB,SEP,2,9.78608E+12,FERNADO ESPEJO,
MATERIA,FERNANDEZ EDITORES,1,9.7897E+12,CHRISTOPHER COOPER,
HISTORIA DE LO INMEDIATO,SEP,3,9.78971E+12,RENATO LEDUC,
COMEDIAS VOL V,EDICION CONMEMORATIVA DEL IV CENTENARIO,3,9.7885E+12,MIGUEL DE CERVANTES,
LAS MINAS DEL REY SALOMON,EDICIONS HIPOTESI,2,9.78968E+12,HENRY R. HAGGARD,
DICCIONARIOS DE SINONIMOS IDEAS AFINES,SEP,1,9.78971E+12,MELVIN DEWY,
DEMOCRACRACIA Y PARTICIPACION,SANTILLANA,1,301851,OLAFF RICO GALEANA,
"LOGROS, INEQUIDADES Y RETOS DEL FUTURO DEL SISTEMA EDUCATIVO MEXICANO",JOSE DUARTE,1,860388,JUAN PRAWDA,
DESCUBRIR VOLUMEN 3,SEP,1,959350,JOSE LUIS SANCHEZ,
CIRCO POETICO,SM,2,9.78968E+12,RODOLFO FONSECA,
LA NATURALEZA DISCONTINUA DE LA MATERIA,SANTILLANA,3,277,HORACIO GARCIA,
"RELATOS OBREROS ,MEXICANOS","AMNCP ,A.C.",1,571312,"AMNCP ,A.C.",
EUROPA Y AMERICAEN EL SIGLLO XIX,SEP,1,9.7885E+12,DEWEY,
ECCOLOGIAANIMAL,BIBLIOTECA PUBLICA MUNICIPAL  504,1,86029,CHARLES ELTON,
EL RETRATO DEL ANGEL,EDICION CONMEMORATIVA DL CUARTO CENTENARIO,3,9.7885E+12,MIIGUEL DE CERVANTES,
LOS SONIDOS DE NUESTRO MUNDO,SEP,1,9.78971E+12,HECTOR DOMINGUEZ,
EL ALQUIMISTA ERRANTE,PANGEA,1,9701873289,HORACIO GARCIA,
THE BLACK  CAT AND OTHER TALES,PANAMERICANA,8,9.78968E+12,EDGAR ALLAN POE,
FEYNMAN EN MEXICO,IPN,1,63023,FELICIANO SANCHEZ SINENCIO,
HISTORIA UNIVERSAL TOMO 5,ESPASA,1,93085,MARISOL PALES,
SUBIDOS DE TONO CUENTOS DE AMOR,CIDCLI,4,9.78968E+12,JJULIO CORTAZAR,
MEXICO INDEPENDIENTE CONFORMACION DE LA NACIONALIDAD MEXICANA 1900-2010 TOMO II,APP EDITORIAL,4,9.78607E+12,MARTIN RIOS SALOMA,
DESCUBRIR VOLUMEN 13,SEP,1,817750,JOSE LUIS SANCHEZ,
QUIMICA,ESFINGE,1,9.78968E+12,JOSE ANTONIO CHAMISO,
HABLEMOS DE LOS AÑOS 70,RIOSDETINTA,1,9.78969E+12,ENRIQUE RAJCHENBERG,
"LOGROS, INEQUIDADES Y RETOS DEL FUTURO DEL SISTEMA EDUCATIVO MEXICANO",JOSE DUARTE,1,860388,JUAN PRAWDA,
TEATRO MEXICANO DEL SIGLO XIX,FONDO DE CULTURA ECONOMICA,1,86012,ANTONIO MAGAÑA ESQUIVEL,
OTRAS CUATROCIETAS PEQUEÑAS DOCIS E CIENCIA,SEP,2,9.78608E+12,RENE DRUCKER COLIN,
MILENIOS DE MEXICO TOMO 3,RAYA ENEL AGUA,2,80961,HUMBERTO MUSACCHIO,
MEXICO MARTIR CRISIS Y SISMOS,"APOLO EDITORAL, S.A.",1,860171,CARLOS SAMAYOA,
EL NARANJO EN FLOR ,JP,1,9.78971E+12,JOSE ANJEL LEYVA,
BIOLOGIA 1,KAPELUSZ MEXICANA,1,3670,MARIA   AGUSTINA BATALLA ZEPEDA,
"EL SECRETO DE LA PLUSVALIA, MAS OCULTO QUE NUNCA",EL HORIZONTE,1,86071,FRANCISCO JOSE,
SAMIRAND YONATAN,SCHOLASTIC,2,9.78968E+12,DANIELA CARMI,
DE LA VIDA DE LAS PLANTAS Y DE LOS HOMBRES,SEP,1,9.78968E+12,MANUEL ROJAS,
"SIMETRIA, CONGRUENCIA Y SEMEJANZA",TRILLAS,1,100826,TRILLAS,
WHAT ARE THE ODDS,CAMBRIDGE,2,9.78111E+12,GENEVIEVE KOCIENDA,
ELUNIVERSO DE LA QUIMICA,SANTILLANA,4,9.7897E+12,HORACIO GARICA,
COTIDIANAS,ALFAGUARA,1,9.78971E+12,MARIO BENEDETTI,
AIRE Y AGUA,SITESA,1,9686135839,MIGUEL ANGEL HERRERA,
CREA TU PROPIA REVISTA,LUMEN,1,9.78971E+12,BARBARA  TAILOR,
DESCUBRIENDO EL MAGICO MUNDO DE GAUGUIN,OCEANO,1,9.78608E+12,MARIA JORDA,
LOGO PARA APPLE II (2),MCGRAW-HILL,1,860681,HAROLD ABELSON,
PARA COMPRENDER LA TIERRA,SEP,1,9.78968E+12,MELVIN DEWEY,
TROPIEZOS,SEP,1,9.78968E+12,JAIME PERAZA,
PANDORA MIRA AL FORO,SEP,1,9.78971E+12,ANARACELI ALVARO,
LA MAQUINA DEL TIEMPO Y TROS RELATOS LA HISTORIA DE PLATTNER Y OTRAS NARRACIONES,LIBROS DEL RINCON,1,9.78971E+12,H.G. WELLS,
NOVEÑAS EJEMPLARES VOL II,EDICION CONMEMORATIVA DEL  IV  CENTENARIO,3,9.7885E+12,MIGUEL DE CERVANTEZ,
ALIMENTOS DEL TINGUIS AL SUPERMERCADO,ADN EDITORES,1,9.78969E+12,AGUSTIN LOPEZ,
ROOM 13,MACMILLAN,2,9.78968E+12,M.R. JAMES,
BIOLOGIA,SEP,3,9.78608E+12,GLORIA PIÑON,
COSASS SENCILLAS PARA SALVAR A LA TIERRA,DIANA,1,860376,EARTH WORKS GROUP,
COMO FUNCIONAN LAS COSAS,SEP,2,9.78971E+12,MELVIN DEWEY,
GRAN HISTORIA DE MEXICO TOMO V,CONACULTA,1,1146,JOSEFINA ZORAIDA VAZQUEZ,
BONSAI,NORMA,1,9.7897E+12,CHRISTINE NOSTLINGER,
SE LLAMABA BASCONCELOS UNA EVOCACION CRITICA,FONDO DE CULTURA ECONOMICA,1,341002,JOSE JOAQUIN BLANCO,
STUDENT BOOK,RIOSDETINTA,3,9.78608E+12,MARGARITA DE JESUS,
"GEOGRAFIA, ECONOMIA, POBLACION Y SOCIEDAD DE MEXICO",ENCICLOPEDIA TEMATICA UNIVERSAL,2,527529,TOMAS DE REY,
LOS PASOS DE LOPEZ,CARTUCHOS AL VIENTO,1,560366,JORGE IBARGUENNGOITIA,
RIKKI TIKKI TEVI,VIENTOS DEL PUEBLO,1,9.78607E+12,RUDYARD KIPLING,
LOS SEÑORES DEL CERO,PANGEA,1,9.78971E+12,JUAN TONADA,
QUE HACEMOS CON LA NATURALEZA,SANTILLANA,2,179,MARTA  ALCOCER,
EL ZARCO,"AGENCIA PROTORA DE PUBLICACIONES , S.A. DE C.V.",2,860502,IGNACIO MANUEL ALTAMIRANO,
LA ISLA DEL TESORO CUENTOS DE LOS MARES DEL SUR,EDITORIAL POURRA,1,9.7897E+12,ROBERT LOUIS STEVENSON,
ESCCUELA Y MULTIMEDIA,SIGLOVENTIUNO,2,9.78968E+12,JEANPIERRE CARRIER,
IGNACIO MANUEL ALTAMIRANO,CAL Y ARENA,1,9.78968E+12,VICENTE QUIRARTE,
ELMUNDO GRIEGO,SEP,1,9.7885E+12,MELVIN,
COTIDIANAS,ALFAGUARA,1,9.78971E+12,MARIO BENEDETTI,
DOS CIENCIAS QUE ESTUDIAN MI MUNDO,SANTILLANA,2,15,ANTONIO MARTIN,
LA ERA DE LAS REVOLUCIONES,SEP,1,9.7885E+12,MELVIN,
LOS INSURGENTES APODADOS,SEP,2,9.78607E+12,ELIAS AMADOR,
TODOS LOS CUENTOS ANTOLOGIA,PLANETA,2,9.78968E+12,RAMON MENDEZ  PIDAL,
LA BOMBA Y SUS HOMBRES,ADN EDITORES,1,9.78969E+12,HORACIO GARCIA FERNANDEZ,
DEEP BLUE,SEP,1,9.78111E+12,CAROLINE SHACKLETON,
"TOMO 6, GIN-ISI",GRAN ENCICLOPEDIA VISUAL,2,9.7885E+12,GIN-ISI,
PROGRAMA EDUCATIVO DE PREVENCION ESCOLAR ,CEP,1,28540312,SEP,
ATLAS BASICO DE FISOLOGIA,PARRAMON,2,9.78968E+12,ADOLFO CASSAN,
ATLAS DEL MUNDO,SEP,1,9.78968E+12,ARNO PETERS,
CAMPAMENTO BIOFILIA,SOM EDI CYT,1,9.7897E+12,ALEJANDRA ALVARADO ZINK,
TRES DE TEATRO,CAL Y ARENA,2,9.7897E+12,MARTIRIO MORELOS,
CORONACION,SOL 90,2,80,JOSE DONOSOL,
EL INGENIERO Y LA INGENIERIA CIVIL,INSTITUTO POLITECNICO NACIONAL (IPN),1,9.7897E+12,GUILLERMO CHAVEZ PEREZ,
EDUCACCIO Y MARXISMO LATINOAMERICANO,BIBLIOTECA CEENTENARIA,1,9.78608E+12,J. FABIAN CABALUZ D.,
"HISTORIA , BIOGRAFIA Y GEOGREAFIA DE MEXICO",PORRUA,3,14,JUSTO SIERRA,
MEXICO UN PUEBLO EN LA HISTORIA 1,ALIANZA EDITORIAL MEXICANA,1,30961,ENRIQUE SEMO,
HISTORIAS FANTASTICAS,PLANETA,1,9.78968E+12,ADOLFO BIOY CASARES,
GEOGREFIA DE MEXICO Y DEL MUNDO,SEP,1,9.78607E+12,ALVARO HERAS,
EUROPA Y AMERICA AN EL SIGLO XIX,SEP,1,9.7885E+12,MELVIN,
JEFF CORWIN,DISCOVERY,2,9.78111E+12,KENNA BOURKE,
PANORAMA DEL SIGLO 2,SANTILLANA,2,335,MARTHA ORTEGA,
NUESTROS ECENARIOS EDUCATIVOS,AXOLOTL,1,9.78608E+12,RUTH HARF,
ATLAS BASICO DEL AGUA,PARRAMON,2,9.78968E+12,JOSE TOLA,
MEMORIA DEL JUEGO LAS CARTAS Y LAS MASCARAS,SIGLO VEITIUNO  EDITORES,2,9.78968E+12,EDUARDO GALIANO,
LA ESCUELA DE LO FILOSOFOS,AMBAR OCEANO,1,9.78607E+12,DENISE DESPEYROX,
MITOLOGIA,MARIN,4,9.78968E+12,MALVIN DEWEY,
ENFERMEDADES POLITICAS QUE PADECE LA CAPITAL DE ESTA NUEVA ESPAÑA,CONSEJO NACIONAL PARA LA CULTURAS Y LAS ARTES,1,9.78968E+12,HIPOLITO VILLARROEL,
ALGORITMOS DE LAS OPERACIONES CON NUMEROS ENTEROS,TRILLAS,2,9.78968E+12,FEDERICO GALVAN ANAYA,
MATERIA,FERNANDEZ EDITORES,1,9.7897E+12,CHRISTOPHER COOPER,
MADRES JOVENES,FERNANDEZ EDITORES,1,9.78608E+12,LANA FABRI MONTERO,
EL LIBRO SECRETO DE COPERNICO,REVERTE EDICIONES,2,9.78968E+12,MIGEL ANGEL PEREZ OCA,
HISTORIAS PARA VIVIR,SEP,1,9.78607E+12,NELLY SANCHEZ,
SHAKESPEARE,GRUPO EDITORIAL NORMA,5,9.78968E+12,WILLIAM,
MATERIA,FERNANDEZ EDITORES,1,9.7897E+12,CHRISTOPHER COOPER,
SE ABRE EL TELON,SANTILLANA,2,350,MARGARITA ESTHER GONZALES,
RESPONSABILIDAD,AGUILAR,1,9.78971E+12,JAVIER SOLORZANO,
DESARROLLO DE COMPETENCIAS LECTORAS Y OBSTACULOS QUE SE PRESENTAN,INTELIGNCIA EDUCATIVA,4,71,LAURA FRADE RUBIO,
UN HOMBRE CON UN TENEDOR EN UNA TIERRA DE SOPAS,HACHETTE,2,9.78971E+12,JORDI SIERRA,
EL LINDERO,EDICIONES SM,1,9.78971E+12,MARIA EUGENIA MENDOZA ARRUBARREÑA,
SISTEMAS DE NUMERACION PARA LOS NUMEROS RACIONALES,TRILLAS,1,118374,TRILLAS,
COMUNICANDONOS,SEP,1,30343,ENRIQUE PEÑANIETO,
EL ENEMIGO,SEP,1,9.78608E+12,DAVIDE CALI,
LA RELIQUIA,SIGLO VEINTIUNO EDITORES,2,9.78968E+12,FRANCISCO VEQUEBEDO,
LAS MAQUINARIAS DE LA ALEGRIA,MINOTAURO,2,9.78968E+12,RAY BRADBURY,
MARAVILLAS DE MEXICO III,CLIO,2,9.7897E+12,FERNAN GONZALES DE LA VARA,
MEXICO DURANTE EL  VIRREINATO,SANTILLANA,3,307,ANTONIO RUBIAL GARCIA,
CIRCO POETICO,SM,2,9.78968E+12,RODOLFO FONSECA,
DE TROTAMUNDOS Y AVENTUREROS,SEP,1,9.78971E+12,MARIANA,
GUERREROS SAGRADOS,SEP,1,9.78608E+12,MIGUEL HERNANDEZ,
LOS MISERABLES,S.A,1,9.78607E+12,VICTOR HUGO,
CHIAPAS CRONICA DE UNA NEGOCIACON,RAULA YUE,1,860524,MARCO  ANTONIO BERNAL GUTIERREZ,
LOS DESIGNOS DE LA DIOSA,CONACULTA,1,152230,GUSTAVO RUIZ PASCACIO,
EL LECTOR NOVOHISPANO,CAL Y ARENA,1,9.78969E+12,JOSE JOAQUIN BLANCO,
EL GRAN ESCANDALO EN EL ARTE,SEP,1,9.78968E+12,ANNA NILSEN,
EL CUERPO HUMANO,SEP,1,9.78971E+12,MELVIN DENWEY,
ESPLENDEDOR Y DECADENCIA DE ROMA,SEP,1,9.7885E+12,MELVIN,
BIOLOGIA 2,SEP,1,86069,ROBERT VAZQUEZ,
LA SOMBRA DEL CAUDILLO,CFE,10,8603535,MARTIN LUIS GUZMAN,
COMUNIDAD DE APRENDIZAJE,SIGLO VENTIUNO,1,9.78968E+12,GABRIEL CAMARA,
LITERATURA HABLADA,EDICIONES CASTILLO,2,9.78968E+12,JUAN DOMINGO ARGUELLES,
LA CRUSADA DE LOS NIÑOS,EDITORIAL PANAMERICANO,3,9.78608E+12,ALFONSO CRUZ,
LABOR NUEVA,LA RAZA,1,98051213,GABRIELA MISTRAL,
MEXICO DOS PROYECTOS DE  MODERNIDAD,SANTILLANA,4,308,RICARDO GAMBOA RAMIREZ,
OOPSI,SEP,2,9.78608E+12,KEVIN JOHANSEN,
DESDE MI DEDULA,SEP,1,9.78607E+12,MIKEAS SANCHEZ,
LA PARTERIA DE DOÑA SOFIA,PLURALIA,2,9.78969E+12,SOFIA BECERRIL,
EL CARACOL Y LA ROSA,SANTILLANA,5,168,JOSE MARTINEZ TORRES,
LA ISLA DEL TESORO,ESPASA,1,9.78968E+12,ROBERT LOUIS STEVENSON,
VIRREINATO DE NUEVA ESPAÑA,SANTILLANA,4,384,ALBERTO SARMIENTO DONATE,
COMO ACARCARSE A...,LIMUSA,1,9.7897E+12,ETHEL KRAUZE,
HILATURA,INSTITUTO POLITECNICO NACIONAL,1,30390,JUAN PEDRO DE LARRAÑAGA,
CANEK,LOS ESENCIALES,1,560377,EMILIO ABREU GOMEZ,
LA CLASE OBRERA Y EL CINDICALISMO MEXICANO,UNIVERCIDAD NACIONAL AUTONOMA  DE MEXICO,1,560425,ALEJANDRO ALVAREZ BEJAR,
CORNUCOPIA DE MEXICO Y NUEVA CORNUCOPIA MEXICANA,CFE,1,860522,GERARDO DIEGO,
TEACHERS GUIDE,RIOSDETINTA,3,9.78608E+12,MARGARITA DE JESUS,
DIARIO DE LA INDEPENDENCIA,SEP,1,21,MELVIN DEWEY,
HOMERO ODISEA,COLECCION AUSTRAL,2,9.78968E+12,ANTONIO LOPEZ,
¿TE LA SABES?,EL COLEGIO DE MEXICO,2,9.78607E+12,RAUL AVILA,
EL AGUA,SEP,1,9.78968E+12,GHISLAIN DE MARSILY,
MANIFESTACIONES DE LA MATERIA,SANTILLANA,4,309,JOSE MARIA GARCIA SAIZ,
LA ISLA DEL TESORO,VISENSVIVES,1,9.78971E+12,ROBERT LOUIS ESTEVENSON,
NUESTRA ELECCION,OCEANO,1,9.78607E+12,AKARENNA KRISTINN SARAH Y ALBERT,
HUMBOLDT CCIUDADANO UNIVERSAL,COLEGIO NACIONAL,1,76021615,JAIME LABASTIDA,
TECNOLOGIA DE ROSCAS EN LA INDUSTRIA PETROLERA,INSTITUTO POLITECNICO NACIONAL,1,6.12742E+11,IGNACIO MANRRIQUE MALDONADO,
TERMODINAMICA DE LAS TURBINAS DE GAS,ALFAOMEGA,1,9.7897E+12,RAUL LUGO,
GUERRA BIOLOGICA Y BIOTERRORISMO,SEP,1,9.78968E+12,MARTIN LEMA,
MATERIA,EDICIONES CULTURALES,1,891692,RALPHE. LAPP,
MATERIA,FERNANDEZ EDITORES,1,9.7897E+12,CHRISTOPHER COOPER,
FUERZAS FISICAS,SEP,1,9.78971E+12,CARLA VAZQUEZ,
CAMBIA TU DESTINO,EMU,1,9.78607E+12,NORBERTO GARCIA,
MANIFESTACIONES DE LA ENERGIA,SANTILLANA,1,9.7897E+12,ANTONIA MARTIN,
"LOGROS, INEQUIDADES Y RETOS DEL FUTURO DEL SISTEMA EDUCATIVO MEXICANO",JOSE DUARTE,1,860388,JUAN PRAWDA,
MEDIDA,TRILLAS,1,9.78968E+12,FEDERICO VELASCO COBA,
LA HIJA DEL CAPITAN,SIGLO XXI (21),2,9.78968E+12,ALEKSANDR PUSKIN,
EDUARDO MEMORIA DEL FUEGO,SIGLO VENTIUNO,1,9.78968E+12,MELVIN DEWEY,
MATERIA,FERNANDEZ EDITORES,1,9.7897E+12,CHRISTOPHER COOPER,
ESCULTURA ECUESTRE DE MEXICO,SEP,10,9.78971E+12,LORENZO GOMEZ,
HIROSHIMA,SCHOLASTIC,1,9.78971E+12,MELVIN DENWEY,
PANORAMA DEL SIGLO1,SANTILLANA,7,334,MARTHA ORTEGA,
MADERO VIVO,CLIO,2,9.78971E+12,ENRIQUE KRAUZE,
LAS TECNOLOGIAS DIGITALES EN LA ENZEÑANZA DE LAS MATEMATICAS,TRILLAS,3,9.78607E+12,MARIA TEREZA ROJANO CEBALLOS,
ESCUCHAR A IRAQ,MARIN,2,9.78968E+12,ABEL RUIZ DE LEON,
POESIA,EDICION CONMEMORATIVA DEL IV CENTENARIO,3,9.7885E+12,MIGUEL DE CERVANTES,
EXTENCION O COMUNICACION,SIGLO VENTIUNO,5,9.78608E+12,PAULO FREIRE,
IGNACIO MAANUEL ALTAMIRANO,EDICIONES CAL Y ARENA,1,9.78969E+12,VICENTE QUIRARTE,
EL INGENIOSO HIDALGO DON QUIJOTE DE LA MANCHA VOL.III,EDICION CONMEMORATIVA DEL IV CENTENARIO,3,9.7885E+12,MIGUEL DE CERVANTES,
EL QUIMICO DE LAS PROFECIAS,PANGEA,1,860390,DIMITRI I. MENDELEIEV,
EL MUNDOBAJO DEL ABSOLUTISMO,SEP,1,9.7885E+12,MELVIN,
CIRCO POETICO,SM,2,9.78968E+12,RODOLFO FONSECA,
PLANETA AZUL PLANETA GRIS,ADN EDITORES,2,9.78971E+12,MONICA LAVIN,
EL CORSARIO  NEGRO,SM,4,9.7897E+12,EMILIO SALGAR,
JUAN DE DIOZ BATIZ BREVE HISTORIA DE SU VIDA,"INSTITUTO POLITECNICO NACIONAL "" MEXICO """,1,9.7897E+12,ENRRIQUE G. LEON LOPEZ,
ELECTOR NOVOHISPANO,EDICIONES CAL Y ARENA,1,9.78968E+12,JOSE JOAQUIN BLANCO,
"LOGROS, INEQUIDADES Y RETOS DEL FUTURO DEL SISTEMA EDUCATIVO MEXICANO",JOSE DUARTE,1,860388,JUAN PRAWDA,
DICCIONARIO INCOMPLETO DE BIOETICA,TAURUS,2,9.78968E+12,ARNOLDO KRAUS,
DESAFIO ECOLOGICO 11,SEP,1,74831226,SEP,
"LA PINTURA, MURAL EN LOS CENTROS DE EDUCACION DE MEXICO",SEP,1,9.79971E+12,DR. REYES,
INDUSTRIALIZACION E IMPERIALISMO,SEP,1,9.7885E+12,DEWEY,
ECOTURISMOY AVENTURA,MEXICO DESCONOCIDO,1,9.78971E+12,MELVIN DENWEY,
QUE ONDA CON ELSIDA,"ADN EDITORES ,S.A. DE .C.V.",1,9.7897E+12,BLANCA RICO Y PATRICIA URIBE,
UN MUNDO FELIZ,PORRUA,1,9.78968E+12,ALDOUS HUXLEY,
EL ARTIFICE DEL METODO,PANGFA,1,97018733119,GRENCO ROJO,
HISTORIA DE INDIAS,LIBROS DEL RINCON,3,9.78968E+12,MELVIN DEWEY,
TENIENTE CORONEL,LIBROS DEL RINCON,1,9.78968E+12,OSIEL RENOVATO,
IGNACIO DE LA LLAVE VIDA DE UN HEROE,INSTITUTO LITERARIO DE VERACRUZ,2,9.78607E+12,JOSE PIÑA SALASAR,
JOSE MARIA VELASCO,SEP,2,5605762,XAVIER MOYSSEN,
CIBERACION,ALFAGUARA,1,9.78971E+12,RICARDO BERNAL,
DE LA MAQUINA DE VAPOR EL CERO ABSOLUTP,SEP,1,9.78968E+12,LEOPOLDO GARCIA,
MARIO MOLINA Y LA CARRERA POR EL OZONO,SITESA,1,9.78968E+12,CARLOS CHIMAL,
DE KEBE NHO SEKE GO BEN,SEP,1,9.78971E+12,JAVIER CASTELLANOS,
PEDRO CALDERON LA CABAÑA,SEP,1,9.78971E+12,MELVIN DEWEY,
ROBINSON CRUSOE,FERNANDEZ EDITORES,1,7.50999E+12,DANIEL DEFOE,
ANTOLOGIA,SEP,1,6.00112E+13,MARIA EUGENIA LUNA ELIZARRAS,
LA NOVELA Y SUS CAMINOS,SANTILLANA,5,174,FEDERICO PATAN,
ECOLOGIA ANIMAL,SEP,1,86029,CHARLES ELTON,
DICCIONARIO DE MUSICA,SEP,1,9.78968E+12,ARTHUR JACOBS,
HERIBERTO FRIAS,SIGLO VENTIUNO,2,9.78968E+12,MELVIN DEWEY,
SIGLO BUÑUEL,JP,2,9.78971E+12,FRANCISCO SANCHEZ,
PAPA ESTA EN LA ATLANTIDA,SM,1,9.78608E+12,JAVIER MALPICA,
VIDA COTIDIANA CIUDAD DE MEXICO,CFE,2,93036,MELVIN DEWEY,
YES WE CAN,SEP,2,9.78607E+12,MELVIN DEWEY,
MATERIA,FERNANDEZ EDITORES,1,9.7897E+12,CHRISTOPHER COOPER,
LIBRO DE HORAS,ARTES DE MEXICO,1,9.78968E+12,ALFREDO CASTAÑEDA,
LA METAMORFOSIS Y OTROS CUENTOS,EDICIONES SIRUELA,1,9.7897E+12,FRAMZ KAFKA,
CIENCIAS SOCIALES UNO,TRILLAS,1,16660,TERESA SILVA,
DR. JEKYLLAND MR HYDE,MACMILLAN READERS,2,9.78607E+12,ROBERT LOUIS STEVENSON,
A DE ANGUIANO,SEP,1,9.78607E+12,JULIO DERBEZ,
ESTO ES EL CAOS,ADN EDITORES,1,9.78969E+12,EDGAR GOMEZ MARIN,
LA  FORMACION  DE VALORES EN LA EDUCACCION BASICA,SEP,1,3.0011E+13,SYLVIA SCHMELKES,
EL CANTO DE LA GRILLA,SEP,1,86054,RAMON RUBIN,
CRIMEN Y CAASTIGO,LECTORUM,2,9.78608E+12,FIODOR DOSTOIEVSKI,
"EL ENCANTO DE 𝝅, (PI)",SEP,1,9.78971E+12,DAVID BLATNER,
PEREGRINOS DEL AMAZONAS,CFE,1,806309,ALFREDO GOMEZ CERDA,
EL SISTEMA SOLAR,SIGLO XXI (21),1,9.78968E+12,THERESE ENCRENAZ,
ESTAR EN FORMA,INDE,2,9.7885E+12,MARTA VIDAL CORTADA,
CUENTOS DE EVA LUNA,SOL 90,1,803,ISABEL ALLENDE,
EXPERIMENTOS SENCILLOS CON SOLIDOS Y LIQUIDOS,ONRO,2,9.78968E+12,HANS JURGEN PRESS,
MATERIA,FERNANDEZ EDITORES,1,9.7897E+12,CHRISTOPHER COOPER,
LOS TRANSGENICOS,LIBROS DEL ESCARABAJO,2,9.78971E+12,EDURNE DOMEZ RIOG,
CIRCO POETICO,SM,2,9.78968E+12,RODOLFO FONSECA,
COMO SECONTAJIAN LAS ENFERMEDADES,EDICIONES ADN,1,9.78968E+12,ALBERTO PALACIOS,
DICCIONARIO ILUSTRADO DE LA LENGUA ESPAÑOLA,LAROUSSE,1,9.78971E+12,ELADIO PASCUAL FORONDA,
"LOGROS, INEQUIDADES Y RETOS DEL FUTURO DEL SISTEMA EDUCATIVO MEXICANO",JOSE DUARTE,1,860388,JUAN PRAWDA,
GEOGRAFIA UNIVERSAL,SEP,1,30172,MARIA LUISA MENDEZ,
MUJERES DESDE UMBRAL,GODOT,1,9.78607E+12,VICTOR HUGO RASCON BANDA,
EDUCACION ARTISTICA TEATRO 2 APUNTES SEGUNDO GRADO,TELESECUNDARIA,1,9.78968E+12,MARIA CRISTINA,
EL JUGADOR,SOL 90,1,805,FIODOR DOSTPIEVSKY,
DE LOS PIES A LA CABEZA,SANTILLANA,1,9.7897E+12,PALOMA ZUBIETA LOPEZ,
A LA SOMBRA DE LA REVOLUCIÓN MEXICANA,CAL Y ARENA,2,9.78968E+12,HECTOR AGUILAR CAMIN/LORENZA MEYER,
AMERICA LATINA LA NUEVA RIGIDEZ DEL ESTADO,SEP,1,93060,FRANZ J HINKELAMMERT,
MIRADAS ENTREVISTAS,SEP,2,9.78971E+12,SARAH CORONA BERKIN,
CARRERA ESPECIAL,NORMA,1,7.70689E+12,SYLVIA WAUGH,
READER´S BOOK,EDEBE,2,9.78608E+12,MARIA DEL ROCIO VARGAS,
HABITAR,SM,1,9.78968E+12,DAVID JORAJURIA,
UNA TUMBA PARA LOS ROMANOV,SIGLO VENTIUNO,1,9.78968E+12,RAUL ALZOGARAY,
SOY UN GENIO EN MATEMATICAS ¡TODO ESMAS FACIL DE LO QUE PARECE!,EDICIONES PANAMERICANA,4,9.78608E+12,JURGEN BRUCK,
"LA CIENCIA , LA CALLE Y OTRAS MENTIRAS",EDICCIONES CALIARENA,3,9.78968E+12,LUIS GONZALES DE ALVA,
ANDDREA Y LAS FRACCIONES,SANTILLANA,7,134,LUZ MARIA MARVAN,
CORNUCOPIA DE MEXICO Y NUEVA CORNUCOPIA MEXICANA,CFE,1,860522,GERARDO DIEGO,
"LA HISTORIA DE LA  MUSICA ""SONIDOS, INSTRUMENTO, PROTAGONISTAS",MANON,2,9.78968E+12,JOSE MARIA PINTO,
GLOSAS Y DDECIMAS DE MEXICO,FONDO DE CULTURA ECONOMICA,1,560521,VICENTE MENDOZA,
DECUBRIR VOLUMEN 1,SEP,1,732168,JOSELUIS SACHEZ,
EXPERIMENTOS SENCILLOS DE LA COCINA,ONRO,1,9.78968E+12,GLEN VECCHIONE,
ESTOES TROYA,EVEREST,1,9.78968E+12,FRANCISCO LOPEZ SALAMANDRA,
SOBRE HEROES Y TUMBAS,SOL 90,2,3073,ERNESTO SABATO,
OTRAS CUATROCIETAS PEQUEÑAS DOCIS E CIENCIA,SEP,2,9.78608E+12,RENE DRUCKER COLIN,
VUELTA A LA CASA,PLANETA,1,9.78968E+12,ALBERTI,
CUENTOS DE MUNDO MESTIZO,SEP,1,318,RAMON RUBIN,
DESCUBRIR TOMO 16,SEP,1,732168,MELVIN DEWEY,
EL OLVIDADO MONJE DEL HUERTO,PANGEA,1,9.78971E+12,GREGOR MENDEL,
SINONIMOS Y ANTONIMOS,ESPASA,1,9.7897E+12,MELVIL DEWEY,
LOS DESIGNOS DE LA DIOSA,CONACULTA,1,152230,GUSTAVO RUIZ PASCACIO,
REPRESENTACION NUMERICA,SANTILLANA,7,162,LUZ MARIA MARVAN,
MATERIA,FERNANDEZ EDITORES,1,9.7897E+12,CHRISTOPHER COOPER,
BREVE DICCIONARIO TEMATICO,LUNARENA,1,30137,HUGO DIEGO BLANCO,
PLANETA AZUL PLANETA GRIS,ADN EDITORES,1,9.78969E+12,MONICA LAVIN,
LA ISLA DEL TESORO,VISENSVIVES,1,9.78971E+12,ROBERT LOUIS ESTEVENSON,
GRANDES IMPERIOS DE LA ANTIGUEDAD,SEP,1,9.7885E+12,MELVIN,
LA ESCALERA DEL UNIVERSO,ADN EDITORES,2,9.78969E+12,CARLOS CHIMAL,
AULA SIGLO XXI TOMO 6,JUNTOS AVANZAMOS,1,1147,ARTURO MONTIEL ROJAS,
UN  VIAJE POR EL SIGLO XIX,SANTILLANA,3,123,MARIANA FIORDELISMO COLL,
PASOS Y ENTREMESES,SEP,3,9.78968E+12,LOPE DE RUEDA,
EL LUNATICO Y SU HHERMANA LIBERTAD,GRUPO EDITORIALNORMA,1,9.7897E+12,PAUL KROPP,
MARIA LA VOZ Y OTRAS HISTORIAS,FONDO DE CULTURA ECONOMICO,2,9.78971E+12,JUAN DE LA CABADA,
LOS INICIOS DE LA EDAD MODERNA,SEP,1,9.7885E+12,MELVIN,
MORIR ES NADA,PLANETA,1,9.78607E+12,PEDRO ANGE PALON,
MEXICO UN PAIS AZUL,EDICIONES SM,1,9.78968E+12,FEDERICO GUZMAN,
FOUND,CAMBRIDGE,2,9.78111E+12,BRIAN SARGENT,
CUENTOS ELGIDOS,EURO,1,9.78968E+12,JACK LONDON,
SISTEMAS DE NUMERACION PARA LOS NUMEROS ENTEROS,TRILLAS,1,9.78968E+12,TRILLAS,
ALEXANDER HUMBOLDT UN EXPLORADOR CIENTIFICO EN AMERICA,CIDCLI,1,9.78608E+12,TOM JANOTA,
